species,state,presentation,toLiveWeightFactor,quotaStatus,riskScore
ALB,FRE,GUH,1.29,quota,1
ALB,FRE,GUT,1.11,quota,1
ALB,FRE,WHL,1,quota,1
ALB,FRO,GUH,1.29,quota,1
ALB,FRO,GUT,1.23,quota,1
ALB,FRO,WHL,1,quota,1
ALC,FRE,GUT,1.1,nonquota,0.5
ALC,FRE,WHL,1,nonquota,0.5
ALC,FRO,GUT,1.1,nonquota,0.5
ALC,FRO,WHL,1,nonquota,0.5
ALF,FRE,WHL,1,quota,1
ALF,FRO,GUH,1.4,quota,1
ALF,FRO,WHL,1,quota,1
AMB,FRE,FIL,2.77,nonquota,0.5
AMB,FRE,FIS,2.77,nonquota,0.5
AMB,FRE,FSB,2.77,nonquota,0.5
AMB,FRE,FSP,2.77,nonquota,0.5
AMB,FRE,GUH,1.6,nonquota,0.5
AMB,FRE,GUT,1.3,nonquota,0.5
AMB,FRE,HEA,1.35,nonquota,0.5
AMB,FRE,OTH,0,nonquota,0.5
AMB,FRE,WHL,1,nonquota,0.5
AMB,FRO,FIL,2.65,nonquota,0.5
AMB,FRO,FIS,2.65,nonquota,0.5
AMB,FRO,FSB,2.65,nonquota,0.5
AMB,FRO,FSP,2.65,nonquota,0.5
AMB,FRO,GUH,1.6,nonquota,0.5
AMB,FRO,GUT,1.3,nonquota,0.5
AMB,FRO,HEA,1.35,nonquota,0.5
AMB,FRO,OTH,0,nonquota,0.5
AMB,FRO,WHL,1,nonquota,0.5
ANE,FRE,GUT,1.04,nonquota,1
ANE,FRE,HEA,1.44,nonquota,1
ANE,FRE,WHL,1,nonquota,1
ANE,FRO,WHL,1,nonquota,1
ANE,OTH,OTH,0,nonquota,1
ANF,FRE,FIL,5.6,quota,1
ANF,FRE,FIS,5.6,quota,1
ANF,FRE,FSB,5.6,quota,1
ANF,FRE,FSP,5.6,quota,1
ANF,FRE,GUH,3,quota,1
ANF,FRE,GUL,1.18,quota,1
ANF,FRE,GUT,1.22,quota,1
ANF,FRE,HEA,3.07,quota,1
ANF,FRE,OTH,0,quota,1
ANF,FRE,TAL,3,quota,1
ANF,FRE,WHL,1,quota,1
ANF,FRO,FIL,5.6,quota,1
ANF,FRO,FIS,5.6,quota,1
ANF,FRO,FSB,5.6,quota,1
ANF,FRO,FSP,5.6,quota,1
ANF,FRO,GUH,3,quota,1
ANF,FRO,GUL,1.18,quota,1
ANF,FRO,GUT,1.22,quota,1
ANF,FRO,OTH,0,quota,1
ANF,FRO,TAL,3,quota,1
ANF,FRO,WHL,1,quota,1
ANK,FRE,GUT,1.17,nonquota,1
ANK,FRE,TAL,3,nonquota,1
ANK,FRE,WHL,1,nonquota,1
ANK,FRO,GUT,1.17,nonquota,1
ANK,FRO,TAL,3,nonquota,1
ANK,FRO,WHL,1,nonquota,1
ANT,FRE,WHL,1,nonquota,0.5
ANT,FRO,WHL,1,nonquota,0.5
APQ,FRE,FIN,0,quota,1
APQ,FRE,GUH,1.67,quota,1
APQ,FRE,GUS,2.7,quota,1
APQ,FRE,GUT,1.5,quota,1
APQ,FRE,OTH,0,quota,1
APQ,FRE,WHL,1,quota,1
APQ,FRO,GUH,1.67,quota,1
APQ,FRO,GUS,2.7,quota,1
APQ,FRO,GUT,1.5,quota,1
APQ,FRO,OTH,0,quota,1
APQ,FRO,WHL,1,quota,1
ARG,FRE,FIL,2,quota,0.8
ARG,FRE,FIS,2,quota,0.8
ARG,FRE,FSB,2,quota,0.8
ARG,FRE,FSP,2,quota,0.8
ARG,FRE,GUH,1.18,quota,0.8
ARG,FRE,GUT,1,quota,0.8
ARG,FRE,HEA,1.17,quota,0.8
ARG,FRE,OTH,0,quota,0.8
ARG,FRE,WHL,1,quota,0.8
ARG,FRO,FIL,2,quota,0.8
ARG,FRO,FIS,2,quota,0.8
ARG,FRO,FSB,2,quota,0.8
ARG,FRO,FSP,2,quota,0.8
ARG,FRO,GUH,1.18,quota,0.8
ARG,FRO,GUT,1,quota,0.8
ARG,FRO,HEA,1.33,quota,0.8
ARG,FRO,OTH,0,quota,0.8
ARG,FRO,WHL,1,quota,0.8
ARU,FRE,FIL,2,quota,0.8
ARU,FRE,FIS,2,quota,0.8
ARU,FRE,FSB,2,quota,0.8
ARU,FRE,FSP,2,quota,0.8
ARU,FRE,GUH,1.18,quota,0.8
ARU,FRE,GUT,1,quota,0.8
ARU,FRE,WHL,1,quota,0.8
ARU,FRO,FIL,2,quota,0.8
ARU,FRO,FIS,2,quota,0.8
ARU,FRO,FSB,2,quota,0.8
ARU,FRO,FSP,2,quota,0.8
ARU,FRO,GUH,1.18,quota,0.8
ARU,FRO,GUT,1,quota,0.8
ARU,FRO,WHL,1,quota,0.8
ATP,FRE,WHL,1,nonquota,0.5
ATP,FRO,WHL,1,nonquota,0.5
BER,FRE,WHL,1,nonquota,0.5
BET,FRE,GUT,1.1,nonquota,1
BET,FRE,OTH,0,nonquota,1
BET,FRE,WHL,1,nonquota,1
BET,FRO,GUH,1.29,nonquota,1
BET,FRO,GUT,1.1,nonquota,1
BET,FRO,OTH,0,nonquota,1
BET,FRO,WHL,1,nonquota,1
BFT,FRE,FIL,2.56,quota,1
BFT,FRE,FIS,2.56,quota,1
BFT,FRE,FSB,2.56,quota,1
BFT,FRE,FSP,2.56,quota,1
BFT,FRE,GUH,1.5,quota,1
BFT,FRE,GUT,1.13,quota,1
BFT,FRE,WHL,1,quota,1
BFT,FRO,FIL,2.56,quota,1
BFT,FRO,FIS,2.56,quota,1
BFT,FRO,FSB,2.56,quota,1
BFT,FRO,FSP,2.56,quota,1
BFT,FRO,GUH,1.5,quota,1
BFT,FRO,GUT,1.13,quota,1
BFT,FRO,WHL,1,quota,1
BFT,OTH,FIL,0,quota,1
BFT,OTH,OTH,0,quota,1
BIB,FRE,FIL,2.7,nonquota,0.5
BIB,FRE,FIS,2.7,nonquota,0.5
BIB,FRE,GUT,1.13,nonquota,0.5
BIB,FRE,WHL,1,nonquota,0.5
BIB,FRO,FIL,2.7,nonquota,0.5
BIB,FRO,FIS,2.7,nonquota,0.5
BIB,FRO,GUT,1.13,nonquota,0.5
BIB,FRO,WHL,1,nonquota,0.5
BIL,FRE,WHL,1,nonquota,0.5
BIL,FRO,GUH,1.3,nonquota,0.5
BIL,FRO,WHL,1,nonquota,0.5
BLI,FRE,FIL,2.8,quota,0.8
BLI,FRE,FIS,2.8,quota,0.8
BLI,FRE,FSB,2.8,quota,0.8
BLI,FRE,FSP,2.8,quota,0.8
BLI,FRE,GUH,1.32,quota,0.8
BLI,FRE,GUT,1.17,quota,0.8
BLI,FRE,WHL,1,quota,0.8
BLI,FRO,FIL,2.8,quota,0.8
BLI,FRO,FIS,2.8,quota,0.8
BLI,FRO,FSB,2.8,quota,0.8
BLI,FRO,FSP,2.8,quota,0.8
BLI,FRO,GUH,1.32,quota,0.8
BLI,FRO,GUT,1.17,quota,0.8
BLI,FRO,SGH,2.38,quota,0.8
BLI,FRO,WHL,1,quota,0.8
BLI,SAL,SGH,2.38,quota,0.8
BLI,SAL,SGT,2.38,quota,0.8
BLL,FRE,FIL,2.7,quota,0.8
BLL,FRE,FIS,2.7,quota,0.8
BLL,FRE,FSB,2.4,quota,0.8
BLL,FRE,FSP,2.4,quota,0.8
BLL,FRE,GUH,1.2,quota,0.8
BLL,FRE,GUT,1.09,quota,0.8
BLL,FRE,WHL,1,quota,0.8
BLL,FRO,FIL,2.7,quota,0.8
BLL,FRO,FIS,2.7,quota,0.8
BLL,FRO,FSB,2.4,quota,0.8
BLL,FRO,FSP,2.4,quota,0.8
BLL,FRO,GUH,1.2,quota,0.8
BLL,FRO,GUT,1.09,quota,0.8
BLL,FRO,WHL,1,quota,0.8
BLM,FRE,WHL,1,nonquota,1
BLM,FRO,WHL,1,nonquota,1
BLP,FRO,FIL,1.6,nonquota,0.5
BLP,FRO,FIS,1.6,nonquota,0.5
BLP,FRO,GUH,1.4,nonquota,0.5
BLP,FRO,GUT,1.1,nonquota,0.5
BLU,FRO,WHL,1,nonquota,0.5
BOC,FRE,WHL,1,quota,0.8
BOC,FRO,WHL,1,quota,0.8
BOG,FRE,WHL,1,nonquota,0.5
BOG,FRO,WHL,1,nonquota,0.5
BON,FRE,WHL,1,nonquota,1
BON,FRO,WHL,1,nonquota,1
BON,OTH,OTH,0,nonquota,1
BRB,FRE,WHL,1,nonquota,0.5
BRB,FRO,WHL,1,nonquota,0.5
BRF,FRE,WHL,1,nonquota,1
BRF,FRO,WHL,1,nonquota,1
BSF,FRE,GUH,1.39,nonquota,1
BSF,FRE,GUT,1.24,nonquota,1
BSF,FRE,WHL,1,nonquota,1
BSF,FRO,GUH,1.39,nonquota,1
BSF,FRO,GUT,1.48,nonquota,1
BSF,FRO,WHL,1,nonquota,1
BSH,FRE,FIN,0,nonquota,1
BSH,FRE,GUH,1.44,nonquota,1
BSH,FRE,GUT,1.33,nonquota,1
BSH,FRE,OTH,0,nonquota,1
BSH,FRE,WHL,1,nonquota,1
BSH,FRO,GUH,1.44,nonquota,1
BSH,FRO,GUT,1.33,nonquota,1
BSH,FRO,OTH,0,nonquota,1
BSH,FRO,WHL,1,nonquota,1
BSS,FRE,FIL,2.7,nonquota,1
BSS,FRE,FIS,2.7,nonquota,1
BSS,FRE,GUH,1.6,nonquota,1
BSS,FRE,GUT,1.13,nonquota,1
BSS,FRE,WHL,1,nonquota,1
BSS,FRO,FIL,2.7,nonquota,1
BSS,FRO,FIS,2.7,nonquota,1
BSS,FRO,GUH,1.6,nonquota,1
BSS,FRO,GUT,1.13,nonquota,1
BSS,FRO,WHL,1,nonquota,1
BUM,FRE,GUH,1.32,nonquota,1
BUM,FRE,WHL,1,nonquota,1
BUM,FRO,GUH,1.32,nonquota,1
BUM,FRO,WHL,1,nonquota,1
BXD,FRE,WHL,1,nonquota,1
BXD,FRO,GUH,1.4,nonquota,1
BXD,FRO,WHL,1,nonquota,1
BYS,FRE,WHL,1,quota,1
BYS,FRO,WHL,1,quota,1
CAA,FRE,FIL,2.7,nonquota,0.5
CAA,FRE,FIS,2.7,nonquota,0.5
CAA,FRE,FSB,4.08,nonquota,0.5
CAA,FRE,FSP,4.08,nonquota,0.5
CAA,FRE,GUH,1.52,nonquota,0.5
CAA,FRE,GUT,1.18,nonquota,0.5
CAA,FRE,HEA,1.34,nonquota,0.5
CAA,FRE,WHL,1,nonquota,0.5
CAA,FRO,FIL,2.7,nonquota,0.5
CAA,FRO,FIS,2.7,nonquota,0.5
CAA,FRO,FSB,4.08,nonquota,0.5
CAA,FRO,FSP,4.08,nonquota,0.5
CAA,FRO,GUH,1.52,nonquota,0.5
CAA,FRO,GUT,1.18,nonquota,0.5
CAA,FRO,HEA,1.34,nonquota,0.5
CAA,FRO,WHL,1,nonquota,0.5
CAA,SAL,SGT,2.8,nonquota,0.5
CAP,FRE,GUH,1,quota,1
CAP,FRE,GUT,1,quota,1
CAP,FRE,WHL,1,quota,1
CAP,FRO,GUH,1,quota,1
CAP,FRO,GUT,1,quota,1
CAT,FRE,FIL,2.7,nonquota,0.5
CAT,FRE,FIS,2.7,nonquota,0.5
CAT,FRE,FSB,4.08,nonquota,0.5
CAT,FRE,FSP,4.08,nonquota,0.5
CAT,FRE,GUH,1.52,nonquota,0.5
CAT,FRE,GUT,1.18,nonquota,0.5
CAT,FRE,HEA,1.34,nonquota,0.5
CAT,FRE,WHL,1,nonquota,0.5
CAT,FRO,FIL,2.7,nonquota,0.5
CAT,FRO,FIS,2.7,nonquota,0.5
CAT,FRO,FSB,4.08,nonquota,0.5
CAT,FRO,FSP,4.08,nonquota,0.5
CAT,FRO,GUH,1.52,nonquota,0.5
CAT,FRO,GUT,1.18,nonquota,0.5
CAT,FRO,HEA,1.34,nonquota,0.5
CAT,FRO,WHL,1,nonquota,0.5
CAT,SAL,SGT,2.8,nonquota,0.5
CBC,FRE,WHL,1,nonquota,0.5
CCE,FRE,FIL,2.7,nonquota,1
CCE,FRE,FIN,0,nonquota,1
CCE,FRE,FIS,2.7,nonquota,1
CCE,FRE,GUH,1.44,nonquota,1
CCE,FRE,GUS,2.52,nonquota,1
CCE,FRE,GUT,1.37,nonquota,1
CCE,FRE,OTH,0,nonquota,1
CCE,FRE,WHL,1,nonquota,1
CCE,FRO,FIL,2.7,nonquota,1
CCE,FRO,FIS,2.7,nonquota,1
CCL,FRE,FIL,2.7,nonquota,1
CCL,FRE,FIN,0,nonquota,1
CCL,FRE,FIS,2.7,nonquota,1
CCL,FRE,GUH,1.44,nonquota,1
CCL,FRE,GUS,2.52,nonquota,1
CCL,FRE,GUT,1.37,nonquota,1
CCL,FRE,OTH,0,nonquota,1
CCL,FRE,WHL,1,nonquota,1
CCL,FRO,FIL,2.7,nonquota,1
CCL,FRO,FIS,2.7,nonquota,1
CEO,FRE,WHL,1,nonquota,0.5
CES,FRE,FIL,3.22,nonquota,0.5
CES,FRE,FIS,3.84,nonquota,0.5
CES,FRE,GHT,2.08,nonquota,0.5
CES,FRE,GUH,1.7,nonquota,0.5
CET,FRE,WHL,1,nonquota,0.5
CET,FRO,WHL,1,nonquota,0.5
CFB,FRE,FIS,6.39,quota,1
CFB,FRE,GUH,1.67,quota,1
CFB,FRE,GUS,2.7,quota,1
CFB,FRE,GUT,1.5,quota,1
CFB,FRE,OTH,0,quota,1
CFB,FRE,WHL,1,quota,1
CFB,FRO,FIS,6.39,quota,1
CFB,FRO,GUH,1.67,quota,1
CFB,FRO,GUS,2.7,quota,1
CFB,FRO,GUT,1.5,quota,1
CFB,FRO,OTH,0,quota,1
CFB,FRO,WHL,1,quota,1
CJM,FRE,GUT,1.08,nonquota,1
CJM,FRE,WHL,1,nonquota,1
CMO,FRE,GUH,1,nonquota,0.5
CMO,FRE,GUT,1,nonquota,0.5
CMO,FRE,JAP,3.2,nonquota,0.5
CMO,FRE,WHL,1,nonquota,0.5
CMO,FRO,GUH,1,nonquota,0.5
CMO,FRO,GUT,1,nonquota,0.5
CMO,FRO,JAP,3.2,nonquota,0.5
CMO,FRO,WHL,1,nonquota,0.5
COD,FRE,FIL,2.6,quota,1
COD,FRE,FIS,2.6,quota,1
COD,FRE,FSB,2.65,quota,1
COD,FRE,FSP,2.84,quota,1
COD,FRE,GUH,1.7,quota,1
COD,FRE,GUT,1.17,quota,1
COD,FRE,JAP,1.8,quota,1
COD,FRE,OTH,0,quota,1
COD,FRE,WHL,1,quota,1
COD,FRO,FIL,2.6,quota,1
COD,FRO,FIS,2.6,quota,1
COD,FRO,FSB,2.65,quota,1
COD,FRO,FSP,2.84,quota,1
COD,FRO,GUH,1.7,quota,1
COD,FRO,GUT,1.17,quota,1
COD,FRO,JAP,1.52,quota,1
COD,FRO,OTH,0,quota,1
COD,FRO,SGH,2.38,quota,1
COD,FRO,SGT,1.83,quota,1
COD,FRO,WHL,1,quota,1
COD,OTH,OTH,0,quota,1
COD,SAL,SGH,2.38,quota,1
COD,SAL,SGT,1.83,quota,1
COD,SMO,OTH,0,quota,1
COE,FRE,FIL,2.7,nonquota,0.5
COE,FRE,FIS,2.7,nonquota,0.5
COE,FRE,GUH,1.1,nonquota,0.5
COE,FRE,GUT,1.13,nonquota,0.5
COE,FRE,WHL,1,nonquota,0.5
COE,FRO,FIL,2.7,nonquota,0.5
COE,FRO,FIS,2.7,nonquota,0.5
COE,FRO,GUH,1.1,nonquota,0.5
COE,FRO,GUT,1.13,nonquota,0.5
COE,FRO,WHL,1,nonquota,0.5
CPR,FRE,WHL,1,nonquota,0
CPR,FRO,WHL,1,nonquota,0
CRE,ALI,WHL,1,nonquota,0
CRE,BOI,OTH,0,nonquota,0
CRE,BOI,CLA,4,nonquota,0
CRE,FRE,CLA,4,nonquota,0
CRE,FRE,OTH,0,nonquota,0
CRE,FRE,WHL,1,nonquota,0
CRE,FRO,CLA,4,nonquota,0
CRE,FRO,OTH,0,nonquota,0
CRE,FRO,WHL,1,nonquota,0
CRG,ALI,WHL,1,nonquota,0
CRG,FRE,CLA,4,nonquota,0
CRG,FRE,OTH,0,nonquota,0
CRG,FRE,WHL,1,nonquota,0
CRG,FRO,CLA,4,nonquota,0
CRG,FRO,OTH,0,nonquota,0
CRG,FRO,WHL,1,nonquota,0
CRR,ALI,WHL,1,nonquota,0.5
CRR,FRE,CLA,4,nonquota,0.5
CRR,FRE,OTH,0,nonquota,0.5
CRR,FRE,WHL,1,nonquota,0.5
CRR,FRO,CLA,4,nonquota,0.5
CRR,FRO,OTH,0,nonquota,0.5
CRR,FRO,WHL,1,nonquota,0.5
CRW,ALI,WHL,1,nonquota,0
CRW,FRE,WHL,1,nonquota,0
CRW,FRO,WHL,1,nonquota,0
CSH,ALI,WHL,1,nonquota,0.5
CSH,BOI,WHL,1,nonquota,0.5
CSH,FRE,TAL,2.8,nonquota,0.5
CSH,FRE,WHL,1,nonquota,0.5
CSH,FRO,WHL,1,nonquota,0.5
CTC,FRE,OTH,0,nonquota,1
CTC,FRE,TUB,1.68,nonquota,1
CTC,FRE,WHL,1,nonquota,1
CTC,FRO,OTH,0,nonquota,1
CTC,FRO,TUB,1.68,nonquota,1
CTC,FRO,WHL,1,nonquota,1
CTC,SAL,OTH,0,nonquota,1
CTC,SAL,TUB,1.33,nonquota,1
CTC,SAL,WHL,1,nonquota,1
CTL,FRE,OTH,0,nonquota,1
CTL,FRE,TUB,1.68,nonquota,1
CTL,FRE,WHL,1,nonquota,1
CTL,FRO,OTH,0,nonquota,1
CTL,FRO,TUB,1.38,nonquota,1
CTL,FRO,WHL,1,nonquota,1
CTL,SAL,OTH,0,nonquota,1
CTL,SAL,TUB,1.33,nonquota,1
CTL,SAL,WHL,1,nonquota,1
CUS,FRE,FIL,2.2,nonquota,0.5
CUS,FRE,FIS,2.2,nonquota,0.5
CUS,FRE,FSB,2.77,nonquota,0.5
CUS,FRE,FSP,2.77,nonquota,0.5
CUS,FRO,FIL,2.2,nonquota,0.5
CUS,FRO,FIS,2.2,nonquota,0.5
CUS,FRO,FSB,2.65,nonquota,0.5
CUS,FRO,FSP,2.65,nonquota,0.5
CUS,FRO,GUH,1.85,nonquota,0.5
CUS,FRO,GUT,1.85,nonquota,0.5
CUS,FRO,HEA,1.85,nonquota,0.5
CUS,FRO,OTH,0,nonquota,0.5
CUS,FRO,WHL,1,nonquota,0.5
CYH,FRE,WHL,1,nonquota,0.5
CYH,FRO,WHL,1,nonquota,0.5
CYO,FRE,FIN,0,nonquota,1
CYO,FRE,FIS,5.69,nonquota,1
CYO,FRE,GUH,1.67,nonquota,1
CYO,FRE,GUS,2.25,nonquota,1
CYO,FRE,GUT,1.44,nonquota,1
CYO,FRE,OTH,0,nonquota,1
CYO,FRE,WHL,1,nonquota,1
CYO,FRO,FIS,5.69,nonquota,1
CYO,FRO,GUH,1.67,nonquota,1
CYO,FRO,GUS,2.25,nonquota,1
CYO,FRO,GUT,1.44,nonquota,1
CYO,FRO,OTH,0,nonquota,1
CYO,FRO,WHL,1,nonquota,1
CYP,FRE,OTH,0,nonquota,1
CYP,FRE,WHL,1,nonquota,1
CYP,FRO,OTH,0,nonquota,1
CYP,FRO,WHL,1,nonquota,1
DAB,FRE,FIL,2.7,quota,0.8
DAB,FRE,FIS,2.7,quota,0.8
DAB,FRE,GUT,1.11,quota,0.8
DAB,FRE,WHL,1,quota,0.8
DAB,FRO,FIL,2.7,quota,0.8
DAB,FRO,FIS,2.7,quota,0.8
DAB,FRO,GUT,1.11,quota,0.8
DAB,FRO,WHL,1,quota,0.8
DCA,FRE,GUH,1.67,quota,1
DCA,FRE,GUS,2.7,quota,1
DCA,FRE,GUT,1.31,quota,1
DCA,FRE,OTH,0,quota,1
DCA,FRE,WHL,1,quota,1
DCA,FRO,GUH,1.67,quota,1
DCA,FRO,GUS,2.7,quota,1
DCA,FRO,GUT,1.31,quota,1
DCA,FRO,OTH,0,quota,1
DCA,FRO,WHL,1,quota,1
DEL,FRE,WHL,1,nonquota,1
DEL,FRO,WHL,1,nonquota,1
DGH,FRE,FIL,2.7,quota,1
DGH,FRE,FIS,2.7,quota,1
DGH,FRE,GUS,2.52,quota,1
DGH,FRE,GUT,1.37,quota,1
DGH,FRE,WHL,1,quota,1
DGH,FRO,FIL,2.7,quota,1
DGH,FRO,FIS,2.7,quota,1
DGH,FRO,GUS,2.52,quota,1
DGH,FRO,GUT,1.37,quota,1
DGH,FRO,WHL,1,quota,1
DGS,FRE,FIL,2.7,quota,1
DGS,FRE,FIN,0,quota,1
DGS,FRE,FIS,2.7,quota,1
DGS,FRE,GUH,1.44,quota,1
DGS,FRE,GUS,2.52,quota,1
DGS,FRE,GUT,1.35,quota,1
DGS,FRE,WHL,1,quota,1
DGS,FRO,FIL,2.7,quota,1
DGS,FRO,FIS,2.7,quota,1
DGS,FRO,GUH,1.44,quota,1
DGS,FRO,GUS,2.52,quota,1
DGS,FRO,GUT,1.35,quota,1
DGS,FRO,WHL,1,quota,1
DGX,FRE,FIN,0,quota,1
DGX,FRE,GUH,1.44,quota,1
DGX,FRE,GUS,2.25,quota,1
DGX,FRE,GUT,1.37,quota,1
DGX,FRE,OTH,0,quota,1
DGX,FRE,WHL,1,quota,1
DGX,FRO,GUH,1.44,quota,1
DGX,FRO,GUS,2.25,quota,1
DGX,FRO,GUT,1.37,quota,1
DGX,FRO,OTH,0,quota,1
DGX,FRO,WHL,1,quota,1
DOL,FRE,WHL,1,nonquota,1
EEO,FRE,WHL,1,nonquota,0.5
EEO,FRO,WHL,1,nonquota,0.5
ELE,FRE,FIL,2.7,nonquota,0.5
ELE,FRE,FIS,2.7,nonquota,0.5
ELE,FRE,GUH,1.1,nonquota,0.5
ELE,FRE,GUT,1.13,nonquota,0.5
ELE,FRE,WHL,1,nonquota,0.5
ELE,FRO,FIL,2.7,nonquota,0.5
ELE,FRO,FIS,2.7,nonquota,0.5
ELE,FRO,GUH,1.1,nonquota,0.5
ELE,FRO,GUT,1.13,nonquota,0.5
ELE,FRO,WHL,1,nonquota,0.5
ELP,FRE,WHL,1,nonquota,0.5
ELP,FRO,WHL,1,nonquota,0.5
ENX,ALI,WHL,1,nonquota,0.5
ENX,FRE,WHL,1,nonquota,0.5
EOI,FRE,WHL,1,nonquota,1
EOI,FRO,WHL,1,nonquota,1
EPI,FRE,WHL,1,nonquota,0.5
EPI,FRO,GUH,1.75,nonquota,0.5
EPI,FRO,WHL,1,nonquota,0.5
ETR,FRE,FIN,0,nonquota,1
ETR,FRE,GUH,1.67,nonquota,1
ETR,FRE,GUS,2.7,nonquota,1
ETR,FRE,GUT,1.5,nonquota,1
ETR,FRE,OTH,0,nonquota,1
ETR,FRE,WHL,1,nonquota,1
ETR,FRO,GUH,1.67,nonquota,1
ETR,FRO,GUS,2.7,nonquota,1
ETR,FRO,GUT,1.5,nonquota,1
ETR,FRO,OTH,0,nonquota,1
ETR,FRO,WHL,1,nonquota,1
ETX,FRE,FIN,0,nonquota,1
ETX,FRE,GUH,1.67,nonquota,1
ETX,FRE,GUS,2.7,nonquota,1
ETX,FRE,GUT,1.5,nonquota,1
ETX,FRE,OTH,0,nonquota,1
ETX,FRE,WHL,1,nonquota,1
ETX,FRO,GUH,1.67,nonquota,1
ETX,FRO,GUS,2.7,nonquota,1
ETX,FRO,GUT,1.5,nonquota,1
ETX,FRO,OTH,0,nonquota,1
ETX,FRO,WHL,1,nonquota,1
FAL,FRE,FIL,2.7,nonquota,1
FAL,FRE,FIN,0,nonquota,1
FAL,FRE,FIS,2.7,nonquota,1
FAL,FRE,FSB,2.59,nonquota,1
FAL,FRE,FSP,2.59,nonquota,1
FAL,FRE,GUH,1.44,nonquota,1
FAL,FRE,GUL,1.34,nonquota,1
FAL,FRE,GUT,1.37,nonquota,1
FAL,FRE,HEA,1.34,nonquota,1
FAL,FRE,OTH,0,nonquota,1
FAL,FRE,WHL,1,nonquota,1
FAL,FRO,FIL,2.7,nonquota,1
FAL,FRO,FIN,0,nonquota,1
FAL,FRO,FIS,2.7,nonquota,1
FAL,FRO,FSB,2.59,nonquota,1
FAL,FRO,FSP,2.59,nonquota,1
FAL,FRO,GUH,1.44,nonquota,1
FAL,FRO,GUL,1.34,nonquota,1
FAL,FRO,GUT,1.37,nonquota,1
FAL,FRO,HEA,1.34,nonquota,1
FAL,FRO,OTH,0,nonquota,1
FAL,FRO,WHL,1,nonquota,1
FIL,FRE,WHL,1,nonquota,0.5
FLE,FRE,FIL,2.7,quota,0.8
FLE,FRE,FIS,2.7,quota,0.8
FLE,FRE,GUH,1.39,quota,0.8
FLE,FRE,GUT,1.08,quota,0.8
FLE,FRE,WHL,1,quota,0.8
FLE,FRO,FIL,2.7,quota,0.8
FLE,FRO,FIS,2.7,quota,0.8
FLE,FRO,GUH,1.2,quota,0.8
FLE,FRO,GUT,1.08,quota,0.8
FLE,FRO,WHL,1,quota,0.8
FOR,FRE,FIL,2.7,nonquota,0.5
FOR,FRE,FIS,2.7,nonquota,0.5
FOR,FRE,GUH,1.4,nonquota,0.5
FOR,FRE,GUT,1.13,nonquota,0.5
FOR,FRE,WHL,1,nonquota,0.5
FOR,FRO,FIL,2.7,nonquota,0.5
FOR,FRO,FIS,2.7,nonquota,0.5
FOR,FRO,GUH,1.4,nonquota,0.5
FOR,FRO,GUT,1.13,nonquota,0.5
FOR,FRO,WHL,1,nonquota,0.5
FRZ,FRE,WHL,1,nonquota,0.5
FRZ,FRO,WHL,1,nonquota,0.5
GAG,FRE,FIL,2.7,nonquota,1
GAG,FRE,FIN,0,nonquota,1
GAG,FRE,FIS,2.7,nonquota,1
GAG,FRE,GUT,1.13,nonquota,1
GAG,FRE,WHL,1,nonquota,1
GAG,FRO,FIL,2.7,nonquota,1
GAG,FRO,FIS,2.7,nonquota,1
GAG,FRO,GUT,1.13,nonquota,1
GAG,FRO,WHL,1,nonquota,1
GAM,FRE,FIN,0,nonquota,1
GAM,FRE,GUH,1.67,nonquota,1
GAM,FRE,GUS,2.7,nonquota,1
GAM,FRE,GUT,1.5,nonquota,1
GAM,FRE,OTH,0,nonquota,1
GAM,FRE,WHL,1,nonquota,1
GAM,FRO,GUH,1.67,nonquota,1
GAM,FRO,GUS,2.7,nonquota,1
GAM,FRO,GUT,1.5,nonquota,1
GAM,FRO,OTH,0,nonquota,1
GAM,FRO,WHL,1,nonquota,1
GAR,FRE,GUH,1,nonquota,0.5
GAR,FRE,GUT,1,nonquota,0.5
GAR,FRE,WHL,1,nonquota,0.5
GAR,FRO,GUH,1,nonquota,0.5
GAR,FRO,GUT,1,nonquota,0.5
GAR,FRO,WHL,1,nonquota,0.5
GFB,FRE,FIL,2.7,quota,0.8
GFB,FRE,FIS,2.7,quota,0.8
GFB,FRE,FSB,2.8,quota,0.8
GFB,FRE,FSP,2.8,quota,0.8
GFB,FRE,GUH,1.4,quota,0.8
GFB,FRE,GUT,1.11,quota,0.8
GFB,FRE,WHL,1,quota,0.8
GFB,FRO,FIL,2.7,quota,0.8
GFB,FRO,FIS,2.7,quota,0.8
GFB,FRO,FSB,2.8,quota,0.8
GFB,FRO,FSP,2.8,quota,0.8
GFB,FRO,GUH,1.4,quota,0.8
GFB,FRO,GUT,1.12,quota,0.8
GFB,FRO,WHL,1,quota,0.8
GHL,FRE,FIL,1.5,quota,1
GHL,FRE,FIS,2.7,quota,1
GHL,FRE,GHT,1.44,quota,1
GHL,FRE,GUH,1.39,quota,1
GHL,FRE,GUT,1.08,quota,1
GHL,FRE,HEA,1.31,quota,1
GHL,FRE,JAP,1.5,quota,1
GHL,FRE,OTH,0,quota,1
GHL,FRE,WHL,1,quota,1
GHL,FRO,FIL,2.7,quota,1
GHL,FRO,FIS,2.7,quota,1
GHL,FRO,GHT,1.44,quota,1
GHL,FRO,GUH,1.39,quota,1
GHL,FRO,GUT,1.08,quota,1
GHL,FRO,HEA,1.31,quota,1
GHL,FRO,JAP,1.5,quota,1
GHL,FRO,OTH,0,quota,1
GHL,FRO,WHL,1,quota,1
GIS,FRO,TUB,2.5,nonquota,0.5
GPD,FRE,WHL,1,nonquota,0.5
GPD,FRO,WHL,1,nonquota,0.5
GRM,FRE,FIL,2.2,nonquota,0.5
GRM,FRE,GHT,1.6,nonquota,0.5
GRM,FRO,FIL,2.2,nonquota,0.5
GRM,FRO,GHT,1.6,nonquota,0.5
GRN,FRE,GUH,1.5,nonquota,0.5
GRN,FRO,FIS,2.1,nonquota,0.5
GRN,FRO,GUH,1.5,nonquota,0.5
GRN,FRO,OTH,0,nonquota,0.5
GRX,FRE,WHL,1,nonquota,0.5
GRX,FRO,WHL,1,nonquota,0.5
GSK,FRE,FIN,0,nonquota,1
GSK,FRE,GUH,1.3,nonquota,1
GSK,FRE,GUT,1.15,nonquota,1
GSK,FRE,WHL,1,nonquota,1
GSK,FRO,GUH,1.3,nonquota,1
GSK,FRO,GUT,1.15,nonquota,1
GSK,FRO,WHL,1,nonquota,1
GUG,FRE,GUT,1.04,nonquota,0.5
GUG,FRE,WHL,1,nonquota,0.5
GUG,FRO,GUT,1.04,nonquota,0.5
GUG,FRO,WHL,1,nonquota,0.5
GUP,FRE,FIN,0,nonquota,1
GUP,FRE,GUH,1.67,nonquota,1
GUP,FRE,GUS,2.7,nonquota,1
GUP,FRE,GUT,1.5,nonquota,1
GUP,FRE,OTH,0,nonquota,1
GUP,FRE,WHL,1,nonquota,1
GUP,FRO,GUH,1.67,nonquota,1
GUP,FRO,GUS,2.7,nonquota,1
GUP,FRO,GUT,1.5,nonquota,1
GUP,FRO,OTH,0,nonquota,1
GUP,FRO,WHL,1,nonquota,1
GUQ,FRE,FIN,0,nonquota,1
GUQ,FRE,FIS,4.8,nonquota,1
GUQ,FRE,GUH,1.67,nonquota,1
GUQ,FRE,GUS,2.7,nonquota,1
GUQ,FRE,GUT,1.32,nonquota,1
GUQ,FRE,OTH,0,nonquota,1
GUQ,FRE,WHL,1,nonquota,1
GUQ,FRO,FIS,4.8,nonquota,1
GUQ,FRO,GUH,1.67,nonquota,1
GUQ,FRO,GUS,2.7,nonquota,1
GUQ,FRO,GUT,1.32,nonquota,1
GUQ,FRO,OTH,0,nonquota,1
GUQ,FRO,WHL,1,nonquota,1
GUR,FRE,GUT,1.04,nonquota,0.5
GUR,FRE,WHL,1,nonquota,0.5
GUR,FRO,GUT,1.04,nonquota,0.5
GUR,FRO,WHL,1,nonquota,0.5
GUU,FRE,GUT,1.04,nonquota,0.5
GUU,FRE,WHL,1,nonquota,0.5
GUU,FRO,GUT,1.04,nonquota,0.5
GUU,FRO,WHL,1,nonquota,0.5
HAD,FRE,FIL,2.6,quota,1
HAD,FRE,FIS,2.6,quota,1
HAD,FRE,FSB,2.76,quota,1
HAD,FRE,FSP,3.07,quota,1
HAD,FRE,GUH,1.46,quota,1
HAD,FRE,GUT,1.17,quota,1
HAD,FRE,HEA,1.38,quota,1
HAD,FRE,JAP,1.65,quota,1
HAD,FRE,OTH,0,quota,1
HAD,FRE,WHL,1,quota,1
HAD,FRO,FIL,2.6,quota,1
HAD,FRO,FIS,2.6,quota,1
HAD,FRO,FSB,2.76,quota,1
HAD,FRO,FSP,3.07,quota,1
HAD,FRO,GUH,1.46,quota,1
HAD,FRO,GUT,1.17,quota,1
HAD,FRO,JAP,1.46,quota,1
HAD,FRO,OTH,0,quota,1
HAD,FRO,WHL,1,quota,1
HAD,OTH,OTH,0,quota,1
HAD,SAL,SGT,2.38,quota,1
HAD,SMO,OTH,0,quota,1
HAL,FRE,FIL,2.7,nonquota,1
HAL,FRE,FIS,2.7,nonquota,1
HAL,FRE,FSB,2.7,nonquota,1
HAL,FRE,FSP,2.7,nonquota,1
HAL,FRE,GHT,1.44,nonquota,1
HAL,FRE,GUH,1.35,nonquota,1
HAL,FRE,GUT,1.08,nonquota,1
HAL,FRE,WHL,1,nonquota,1
HAL,FRO,FIL,2.7,nonquota,1
HAL,FRO,FIS,2.7,nonquota,1
HAL,FRO,FSB,2.7,nonquota,1
HAL,FRO,FSP,2.7,nonquota,1
HAL,FRO,GHT,1.44,nonquota,1
HAL,FRO,GUH,1.39,nonquota,1
HAL,FRO,GUT,1.08,nonquota,1
HAL,FRO,OTH,0,nonquota,1
HAL,FRO,WHL,1,nonquota,1
HER,FRE,FIL,2.1,quota,0.8
HER,FRE,FIS,2.44,quota,0.8
HER,FRE,FSB,2.1,quota,0.8
HER,FRE,FSP,2.44,quota,0.8
HER,FRE,GUH,1.22,quota,0.8
HER,FRE,GUT,1.07,quota,0.8
HER,FRE,HEA,1.44,quota,0.8
HER,FRE,ROE,0,quota,0.8
HER,FRE,WHL,1,quota,0.8
HER,FRO,FIL,2.1,quota,0.8
HER,FRO,FIS,2.44,quota,0.8
HER,FRO,FSB,2.1,quota,0.8
HER,FRO,FSP,2.44,quota,0.8
HER,FRO,GUH,1.22,quota,0.8
HER,FRO,GUT,1.07,quota,0.8
HER,FRO,ROE,0,quota,0.75
HER,FRO,WHL,1,quota,0.8
HER,OTH,OTH,0,quota,0.8
HER,SMO,OTH,0,quota,0.8
HKE,FRE,FIL,2.6,quota,0.8
HKE,FRE,FIS,2.6,quota,0.8
HKE,FRE,FSB,2.8,quota,0.8
HKE,FRE,FSP,2.8,quota,0.8
HKE,FRE,GUH,1.4,quota,0.8
HKE,FRE,GUT,1.11,quota,0.8
HKE,FRE,HEA,1.4,quota,0.8
HKE,FRE,JAP,1.7,quota,0.8
HKE,FRE,WHL,1,quota,0.8
HKE,FRO,FIL,2.6,quota,0.8
HKE,FRO,FIS,2.6,quota,0.8
HKE,FRO,FSB,2.8,quota,0.8
HKE,FRO,FSP,2.8,quota,0.8
HKE,FRO,GUH,1.67,quota,0.8
HKE,FRO,GUT,1.34,quota,0.8
HKE,FRO,JAP,1.7,quota,0.8
HKE,FRO,WHL,1,quota,0.8
HKE,OTH,OTH,0,quota,0.8
HKE,SAL,SGT,2.38,quota,0.8
HKP,FRE,GUT,1.16,nonquota,0.5
HKP,FRE,WHL,1,nonquota,0.5
HKP,FRO,FIL,2.6,nonquota,0.5
HKP,FRO,FIS,2.6,nonquota,0.5
HKP,FRO,GUH,1.53,nonquota,0.5
HKP,FRO,GUT,1.16,nonquota,0.5
HKP,FRO,WHL,1,nonquota,0.5
HPR,FRE,WHL,1,nonquota,0.5
HPR,FRO,WHL,1,nonquota,0.5
HXC,FRE,FIN,0,nonquota,1
HXC,FRE,WHL,1,nonquota,1
HXC,FRO,WHL,1,nonquota,1
ILL,FRE,WHL,1,nonquota,0.5
ILL,FRO,OTH,0,nonquota,0.5
ILL,FRO,TUB,2,nonquota,0.5
ILL,FRO,WHL,1,nonquota,0.5
JAD,FRE,GUH,1.5,quota,1
JAD,FRE,GUT,1.21,quota,1
JAD,FRE,OTH,0,quota,1
JAD,FRE,WHL,1,quota,1
JAD,FRO,GUT,1.21,quota,1
JAD,FRO,OTH,0,quota,1
JAD,FRO,WHL,1,quota,1
JAX,FRE,FIL,1.92,quota,1
JAX,FRE,GUH,1.55,quota,1
JAX,FRE,GUT,1.1,quota,1
JAX,FRE,WHL,1,quota,1
JAX,FRO,FIL,1.92,quota,1
JAX,FRO,GUH,1.55,quota,1
JAX,FRO,GUT,1.1,quota,1
JAX,FRO,WHL,1,quota,1
JDP,FRE,GUH,1.5,quota,1
JDP,FRE,GUT,1.13,quota,1
JDP,FRE,OTH,0,quota,1
JDP,FRE,WHL,1,quota,1
JDP,FRO,GUT,1.13,quota,1
JDP,FRO,OTH,0,quota,1
JDP,FRO,WHL,1,quota,1
JOD,FRE,FIL,2.7,nonquota,0.5
JOD,FRE,FIS,2.7,nonquota,0.5
JOD,FRE,GUT,1.13,nonquota,0.5
JOD,FRE,WHL,1,nonquota,0.5
JOD,FRO,FIL,2.7,nonquota,0.5
JOD,FRO,FIS,2.7,nonquota,0.5
JOD,FRO,GUT,1.13,nonquota,0.5
JOD,FRO,WHL,1,nonquota,0.5
KCP,FRE,FIS,2.5,nonquota,0.5
KCP,FRE,GUT,1.15,nonquota,0.5
KCP,FRE,WHL,1,nonquota,0.5
KCP,FRO,FIL,1.63,nonquota,0.5
KCP,FRO,FIS,1.63,nonquota,0.5
KCP,FRO,GUH,1.52,nonquota,0.5
KCP,FRO,GUT,1.15,nonquota,0.5
KCP,FRO,WHL,1,nonquota,0.5
KCS,ALI,WHL,1,nonquota,0.5
KCS,FRE,WHL,1,nonquota,0.5
KCS,FRO,WHL,1,nonquota,0.5
KCX,ALI,WHL,1,nonquota,0.5
KCX,FRE,CLA,4,nonquota,0.5
KCX,FRE,OTH,0,nonquota,0.5
KCX,FRE,WHL,1,nonquota,0.5
KCX,FRO,CLA,4,nonquota,0.5
KCX,FRO,OTH,0,nonquota,0.5
KCX,FRO,WHL,1,nonquota,0.5
KEF,ALI,WHL,1,nonquota,0.5
KEF,FRE,CLA,4,nonquota,0.5
KEF,FRE,OTH,0,nonquota,0.5
KEF,FRE,WHL,1,nonquota,0.5
KEF,FRO,CLA,4,nonquota,0.5
KEF,FRO,OTH,0,nonquota,0.5
KEF,FRO,WHL,1,nonquota,0.5
LBE,ALI,WHL,1,nonquota,0
LBE,FRE,WHL,1,nonquota,0
LBE,FRO,WHL,1,nonquota,0
LDB,FRE,WHL,1,nonquota,1
LDB,FRO,WHL,1,nonquota,1
LEC,FRE,WHL,1,nonquota,0.8
LEC,FRO,WHL,1,nonquota,0.8
LEE,FRE,WHL,1,nonquota,0.5
LEE,FRO,WHL,1,nonquota,0.5
LEM,FRE,FIL,2.5,quota,0.8
LEM,FRE,FIS,2.5,quota,0.8
LEM,FRE,FSB,2.4,quota,0.8
LEM,FRE,FSP,2.4,quota,0.8
LEM,FRE,GUH,1.2,quota,0.8
LEM,FRE,GUT,1.05,quota,0.8
LEM,FRE,WHL,1,quota,0.8
LEM,FRO,FIL,2.5,quota,0.8
LEM,FRO,FIS,2.5,quota,0.8
LEM,FRO,FSB,2.4,quota,0.8
LEM,FRO,FSP,2.4,quota,0.8
LEM,FRO,GUH,1.2,quota,0.8
LEM,FRO,GUT,1.05,quota,0.8
LEM,FRO,WHL,1,quota,0.8
LEZ,FRE,FIL,2.5,quota,1
LEZ,FRE,FIS,2.5,quota,1
LEZ,FRE,GUT,1.06,quota,1
LEZ,FRE,HEA,1.5,quota,1
LEZ,FRE,WHL,1,quota,1
LEZ,FRO,FIL,2.5,quota,1
LEZ,FRO,FIS,2.5,quota,1
LEZ,FRO,GUT,1.06,quota,1
LEZ,FRO,WHL,1,quota,1
LIN,FRE,FIL,2.64,quota,0.8
LIN,FRE,FIS,2.8,quota,0.8
LIN,FRE,FSB,2.8,quota,0.8
LIN,FRE,FSP,2.8,quota,0.8
LIN,FRE,GUH,1.32,quota,0.8
LIN,FRE,GUT,1.14,quota,0.8
LIN,FRE,WHL,1,quota,0.8
LIN,FRO,FIL,2.8,quota,0.8
LIN,FRO,FIS,2.8,quota,0.8
LIN,FRO,FSB,2.8,quota,0.8
LIN,FRO,FSP,2.8,quota,0.8
LIN,FRO,GUH,1.33,quota,0.8
LIN,FRO,GUT,1.14,quota,0.8
LIN,FRO,SGH,2.38,quota,0.8
LIN,FRO,SGT,1.83,quota,0.8
LIN,FRO,WHL,1,quota,0.8
LIN,SAL,SGH,2.38,quota,0.8
LIN,SAL,SGT,1.83,quota,0.8
LIO,ALI,WHL,1,nonquota,0
LIO,FRE,WHL,1,nonquota,0
LIO,FRO,WHL,1,nonquota,0
LMA,FRE,FIN,0,nonquota,0.5
LMA,FRE,WHL,1,nonquota,0.5
LMA,FRO,WHL,1,nonquota,0.5
LOQ,FRE,WHL,1,nonquota,0.5
LOQ,FRO,WHL,1,nonquota,0.5
LTA,FRO,WHL,1,nonquota,0.8
LUM,FRE,FIL,2.7,nonquota,0.5
LUM,FRE,FIS,2.7,nonquota,0.5
LUM,FRE,GUT,1.13,nonquota,0.5
LUM,FRE,WHL,1,nonquota,0.5
LUM,FRO,FIL,2.7,nonquota,0.5
LUM,FRO,FIS,2.7,nonquota,0.5
LUM,FRO,GUT,1.13,nonquota,0.5
LUM,FRO,WHL,1,nonquota,0.5
LYY,FRE,WHL,1,nonquota,0.5
LYY,FRO,WHL,1,nonquota,0.5
MAC,FRE,FIL,2.6,quota,0.8
MAC,FRE,FIS,2.6,quota,0.8
MAC,FRE,FSB,2.6,quota,0.8
MAC,FRE,FSP,2.6,quota,0.8
MAC,FRE,GUH,1.3,quota,0.8
MAC,FRE,GUT,1.15,quota,0.8
MAC,FRE,HEA,1.3,quota,0.8
MAC,FRE,WHL,1,quota,0.8
MAC,FRO,FIL,2.6,quota,0.8
MAC,FRO,FIS,2.6,quota,0.8
MAC,FRO,FSB,2.6,quota,0.8
MAC,FRO,FSP,2.6,quota,0.8
MAC,FRO,GUH,1.3,quota,0.8
MAC,FRO,GUT,1.15,quota,0.8
MAC,FRO,WHL,1,quota,0.8
MAC,OTH,FIL,0,quota,0.8
MAC,OTH,OTH,0,quota,0.8
MAC,SMO,OTH,0,quota,0.8
MAK,FRE,FIN,0,nonquota,1
MAK,FRE,GUH,1.44,nonquota,1
MAK,FRE,GUT,1.15,nonquota,1
MAK,FRE,OTH,0,nonquota,1
MAK,FRE,WHL,1,nonquota,1
MAK,FRO,GUH,1.44,nonquota,1
MAK,FRO,GUT,1.15,nonquota,1
MAK,FRO,OTH,0,nonquota,1
MAK,FRO,WHL,1,nonquota,1
MAS,FRE,GUT,1.09,nonquota,1
MAS,FRE,WHL,1,nonquota,1
MAS,FRO,GUT,1.11,nonquota,1
MAS,FRO,WHL,1,nonquota,1
MAS,OTH,FIL,0,nonquota,1
MAS,OTH,OTH,0,nonquota,1
MEG,FRE,GUT,1.05,quota,1
MEG,FRE,HEA,1.5,quota,1
MEG,FRE,WHL,1,quota,1
MEG,FRO,FIL,2.5,quota,1
MEG,FRO,FIS,2.5,quota,1
MEG,FRO,GUT,1.05,quota,1
MEG,FRO,WHL,1,quota,1
MGR,FRE,GUT,1.1,nonquota,0.5
MGR,FRE,WHL,1,nonquota,0.5
MGR,FRO,GUT,1.1,nonquota,0.5
MGR,FRO,WHL,1,nonquota,0.5
MKG,FRE,FIL,2.5,nonquota,0.5
MKG,FRE,FIS,2.5,nonquota,0.5
MKG,FRE,FSB,2.4,nonquota,0.5
MKG,FRE,FSP,2.4,nonquota,0.5
MKG,FRE,GUH,1.2,nonquota,0.5
MKG,FRE,GUT,1.05,nonquota,0.5
MKG,FRE,HEA,1.5,nonquota,0.5
MKG,FRE,WHL,1,nonquota,0.5
MKG,FRO,FIL,2.5,nonquota,0.5
MKG,FRO,FIS,2.5,nonquota,0.5
MKG,FRO,FSB,2.4,nonquota,0.5
MKG,FRO,FSP,2.4,nonquota,0.5
MKG,FRO,GUH,1.2,nonquota,0.5
MKG,FRO,GUT,1.05,nonquota,0.5
MKG,FRO,WHL,1,nonquota,0.5
MON,FRE,FIL,5.6,quota,1
MON,FRE,FIS,5.6,quota,1
MON,FRE,FSB,5.6,quota,1
MON,FRE,FSP,5.6,quota,1
MON,FRE,GUH,2.8,quota,1
MON,FRE,GUL,1.18,quota,1
MON,FRE,GUT,1.23,quota,1
MON,FRE,HEA,3.07,quota,1
MON,FRE,OTH,0,quota,1
MON,FRE,TAL,3,quota,1
MON,FRE,WHL,1,quota,1
MON,FRO,FIL,5.6,quota,1
MON,FRO,FIS,5.6,quota,1
MON,FRO,FSB,5.6,quota,1
MON,FRO,FSP,5.6,quota,1
MON,FRO,GUH,2.8,quota,1
MON,FRO,GUL,1.18,quota,1
MON,FRO,GUT,1.23,quota,1
MON,FRO,OTH,0,quota,1
MON,FRO,TAL,3,quota,1
MON,FRO,WHL,1,quota,1
MOP,FRE,WHL,1,nonquota,0.5
MOP,FRO,WHL,1,nonquota,0.5
MUL,FRE,FIL,2.7,nonquota,0.5
MUL,FRE,FIS,2.7,nonquota,0.5
MUL,FRE,GUT,1.13,nonquota,0.5
MUL,FRE,WHL,1,nonquota,0.5
MUL,FRO,FIL,2.7,nonquota,0.5
MUL,FRO,FIS,2.7,nonquota,0.5
MUL,FRO,GUT,1.13,nonquota,0.5
MUL,FRO,WHL,1,nonquota,0.5
MUR,FRE,FIL,2.7,nonquota,0.5
MUR,FRE,FIS,2.7,nonquota,0.5
MUR,FRE,GUT,1.13,nonquota,0.5
MUR,FRE,WHL,1,nonquota,0.5
MUR,FRO,FIL,2.7,nonquota,0.5
MUR,FRO,FIS,2.7,nonquota,0.5
MUR,FRO,GUT,1.13,nonquota,0.5
MUR,FRO,WHL,1,nonquota,0.5
MUT,FRE,FIL,2.7,nonquota,0.5
MUT,FRE,FIS,2.7,nonquota,0.5
MUT,FRE,GUT,1.125,nonquota,0.5
MUT,FRE,WHL,1,nonquota,0.5
MUT,FRO,FIL,2.7,nonquota,0.5
MUT,FRO,FIS,2.7,nonquota,0.5
MUT,FRO,GUT,1.125,nonquota,0.5
NEC,FRE,FIS,1.7,nonquota,0.5
NEC,FRE,GUT,1.1,nonquota,0.5
NEC,FRE,WHL,1,nonquota,0.5
NEC,FRO,FIL,1.6,nonquota,0.5
NEC,FRO,FIS,1.6,nonquota,0.5
NEC,FRO,GUH,1.3,nonquota,0.5
NEC,FRO,GUT,1.1,nonquota,0.5
NEC,FRO,WHL,1,nonquota,0.5
NEP,ALI,WHL,1,quota,1
NEP,FRE,TAL,3,quota,1
NEP,FRE,WHL,1,quota,1
NEP,FRO,TAL,3,quota,1
NEP,FRO,WHL,1,quota,1
NOP,FRE,GUH,1,quota,0.8
NOP,FRE,GUT,1,quota,0.8
NOP,FRE,WHL,1,quota,0.8
NOP,FRO,GUH,1,quota,0.8
NOP,FRO,GUT,1,quota,0.8
NOP,FRO,WHL,1,quota,0.8
NOT,FRE,GHT,1.6,nonquota,0.5
NOT,FRO,GHT,1.6,nonquota,0.5
OCC,FRE,OTH,0,nonquota,1
OCC,FRE,WHL,1,nonquota,1
OCC,FRO,OTH,0,nonquota,1
OCC,FRO,WHL,1,nonquota,1
OCM,FRE,WHL,1,nonquota,0.5
OCM,FRO,WHL,1,nonquota,0.5
OCT,FRE,WHL,1,nonquota,1
OCT,FRO,WHL,1,nonquota,1
OCZ,FRE,WHL,1,nonquota,0.5
OCZ,FRO,WHL,1,nonquota,0.5
OIL,FRE,FIL,2.77,nonquota,0.8
OIL,FRE,FIS,2.77,nonquota,0.8
OIL,FRE,FSB,2.77,nonquota,0.8
OIL,FRE,FSP,2.77,nonquota,0.8
OIL,FRE,GUH,1.5,nonquota,0.8
OIL,FRE,GUL,1.17,nonquota,0.8
OIL,FRE,GUT,1.1,nonquota,0.8
OIL,FRE,HEA,1.17,nonquota,0.8
OIL,FRE,OTH,0,nonquota,0.8
OIL,FRE,WHL,1,nonquota,0.8
OIL,FRO,FIL,2.65,nonquota,0.8
OIL,FRO,FIS,2.65,nonquota,0.8
OIL,FRO,FSB,2.65,nonquota,0.8
OIL,FRO,FSP,2.65,nonquota,0.8
OIL,FRO,GUH,1.5,nonquota,0.8
OIL,FRO,GUL,1.33,nonquota,0.8
OIL,FRO,GUT,1.1,nonquota,0.8
OIL,FRO,HEA,1.33,nonquota,0.8
OIL,FRO,OTH,0,nonquota,0.8
OIL,FRO,WHL,1,nonquota,0.8
ORY,FRE,FIL,4.77,quota,1
ORY,FRE,FIS,4.77,quota,1
ORY,FRE,FSB,4.77,quota,1
ORY,FRE,FSP,4.77,quota,1
ORY,FRE,GUH,1.65,quota,1
ORY,FRE,GUT,1.2,quota,1
ORY,FRE,WHL,1,quota,1
ORY,FRO,FIL,4.77,quota,1
ORY,FRO,FIS,4.77,quota,1
ORY,FRO,FSB,4.77,quota,1
ORY,FRO,FSP,4.77,quota,1
ORY,FRO,GUH,1.92,quota,1
ORY,FRO,GUT,1.2,quota,1
ORY,FRO,WHL,1,quota,1
OXN,FRE,FIN,0,nonquota,1
OXN,FRE,WHL,1,nonquota,1
OXN,FRO,WHL,1,nonquota,1
PAN,FRE,WHL,1,nonquota,0.5
PAN,FRO,WHL,1,nonquota,0.5
PEN,FRE,CLA,1,nonquota,0.5
PEN,FRE,OTH,0,nonquota,0.5
PEN,FRE,WHL,1,nonquota,0.5
PEN,FRO,CLA,1.98,nonquota,0.5
PEN,FRO,OTH,0,nonquota,0.5
PEN,FRO,WHL,1,nonquota,0.5
PER,FRE,WHL,1,nonquota,0.5
PER,FRO,WHL,1,nonquota,0.5
PHO,FRE,WHL,1,nonquota,0.5
PHO,FRO,WHL,1,nonquota,0.5
PIL,FRE,FIL,2.77,nonquota,1
PIL,FRE,GUH,1,nonquota,1
PIL,FRE,WHL,1,nonquota,1
PIL,FRO,WHL,1,nonquota,1
PIL,OTH,OTH,0,nonquota,1
PLA,FRE,FIL,2.7,nonquota,1
PLA,FRE,FIS,2.7,nonquota,1
PLA,FRE,FSB,2.4,nonquota,1
PLA,FRE,FSP,2.4,nonquota,1
PLA,FRE,GUH,1.2,nonquota,1
PLA,FRE,GUT,1.13,nonquota,1
PLA,FRE,WHL,1,nonquota,1
PLA,FRO,FIL,2.7,nonquota,1
PLA,FRO,FIS,2.7,nonquota,1
PLA,FRO,FSB,2.4,nonquota,1
PLA,FRO,FSP,2.4,nonquota,1
PLA,FRO,GUH,1.2,nonquota,1
PLA,FRO,GUT,1.13,nonquota,1
PLA,FRO,WHL,1,nonquota,1
PLE,FRE,FIL,2.4,quota,1
PLE,FRE,FIS,2.7,quota,1
PLE,FRE,FSB,2.4,quota,1
PLE,FRE,FSP,2.4,quota,1
PLE,FRE,GUH,1.39,quota,1
PLE,FRE,GUT,1.05,quota,1
PLE,FRE,HEA,1.2,quota,1
PLE,FRE,WHL,1,quota,1
PLE,FRO,FIL,2.4,quota,1
PLE,FRO,FIS,2.7,quota,1
PLE,FRO,FSB,2.4,quota,1
PLE,FRO,FSP,2.4,quota,1
PLE,FRO,GUH,1.39,quota,1
PLE,FRO,GUT,1.07,quota,1
PLE,FRO,WHL,1,quota,1
POA,FRE,GUH,1.5,nonquota,0.5
POA,FRE,GUT,1.06,nonquota,0.5
POA,FRE,WHL,1,nonquota,0.5
POA,FRO,GUH,1.5,nonquota,0.5
POA,FRO,GUT,1.06,nonquota,0.5
POK,FRE,FIL,2.9,quota,1
POK,FRE,FIS,2.9,quota,1
POK,FRE,FSB,2.55,quota,1
POK,FRE,FSP,2.8,quota,1
POK,FRE,GUH,1.44,quota,1
POK,FRE,GUT,1.19,quota,1
POK,FRE,HEA,1.38,quota,1
POK,FRE,JAP,1.6,quota,1
POK,FRE,WHL,1,quota,1
POK,FRO,FIL,2.78,quota,1
POK,FRO,FIS,2.78,quota,1
POK,FRO,FSB,2.55,quota,1
POK,FRO,FSP,2.8,quota,1
POK,FRO,GUH,1.44,quota,1
POK,FRO,GUT,1.19,quota,1
POK,FRO,WHL,1,quota,1
POK,OTH,OTH,0,quota,1
POK,SAL,SGT,2.3,quota,1
POL,FRE,FIL,2.7,quota,0.8
POL,FRE,FIS,2.7,quota,0.8
POL,FRE,FSB,2.6,quota,0.8
POL,FRE,FSP,2.6,quota,0.8
POL,FRE,GUH,1.36,quota,0.8
POL,FRE,GUT,1.17,quota,0.8
POL,FRE,HEA,1.3,quota,0.8
POL,FRE,WHL,1,quota,0.8
POL,FRO,FIL,2.7,quota,0.8
POL,FRO,FIS,2.7,quota,0.8
POL,FRO,FSB,2.6,quota,0.8
POL,FRO,FSP,2.6,quota,0.8
POL,FRO,GUH,1.36,quota,0.8
POL,FRO,GUT,1.17,quota,0.8
POL,FRO,WHL,1,quota,0.8
POL,OTH,OTH,0,quota,0.8
POL,SAL,SGT,2.21,quota,0.8
POS,FRE,FIL,2.2,nonquota,0.5
POS,FRE,GHT,1.7,nonquota,0.5
POS,FRO,FIL,2.2,nonquota,0.5
POS,FRO,GHT,1.7,nonquota,0.5
POX,FRE,WHL,1,nonquota,0.5
POX,FRO,WHL,1,nonquota,0.5
PRA,FRE,WHL,1,quota,1
PRA,FRO,WHL,1,quota,1
RCT,FRE,WHL,1,nonquota,0.5
RCT,FRO,WHL,1,nonquota,0.5
REB,FRE,FIL,4.77,nonquota,1
REB,FRE,FIS,4.77,nonquota,1
REB,FRE,FSB,4.77,nonquota,1
REB,FRE,FSP,4.77,nonquota,1
REB,FRE,GUH,1.65,nonquota,1
REB,FRE,GUT,1.2,nonquota,1
REB,FRE,JAP,1.95,nonquota,1
REB,FRE,WHL,1,nonquota,1
REB,FRO,FIL,4.77,nonquota,1
REB,FRO,FIS,4.77,nonquota,1
REB,FRO,FSB,4.77,nonquota,1
REB,FRO,FSP,4.77,nonquota,1
REB,FRO,GUH,1.65,nonquota,1
REB,FRO,GUT,1.2,nonquota,1
REB,FRO,JAP,1.95,nonquota,1
REB,FRO,WHL,1,nonquota,1
REB,SAL,SGT,2.8,nonquota,1
RED,FRE,FIL,4.77,quota,1
RED,FRE,FIS,3,quota,1
RED,FRE,FSB,4.77,quota,1
RED,FRE,FSP,4.77,quota,1
RED,FRE,GUH,1.64,quota,1
RED,FRE,GUT,1.19,quota,1
RED,FRE,HEA,1.4,quota,1
RED,FRE,JAP,1.95,quota,1
RED,FRE,WHL,1,quota,1
RED,FRO,FIL,4.77,quota,1
RED,FRO,FIS,3.37,quota,1
RED,FRO,FSB,4.77,quota,1
RED,FRO,FSP,4.77,quota,1
RED,FRO,GUH,1.88,quota,1
RED,FRO,GUT,1.19,quota,1
RED,FRO,HEA,1.4,quota,1
RED,FRO,JAP,1.95,quota,1
RED,FRO,WHL,1,quota,1
RED,SAL,SGT,2.8,quota,1
RHG,FRE,FIL,2.6,quota,1
RHG,FRE,FIS,4.48,quota,1
RHG,FRE,FSP,4,quota,1
RHG,FRE,GUH,1.4,quota,1
RHG,FRE,GUT,1.2,quota,1
RHG,FRE,HEA,2,quota,1
RHG,FRE,JAP,2.46,quota,1
RHG,FRE,WHL,1,quota,1
RHG,FRO,FIL,2.6,quota,1
RHG,FRO,FIS,4.48,quota,1
RHG,FRO,FSP,4,quota,1
RHG,FRO,GUH,1.4,quota,1
RHG,FRO,GUT,1.2,quota,1
RHG,FRO,JAP,2.46,quota,1
RHG,FRO,WHL,1,quota,1
RIB,FRE,FIL,3.35,nonquota,0.5
RIB,FRE,FIS,3.69,nonquota,0.5
RIB,FRE,FSB,2.75,nonquota,0.5
RIB,FRE,FSP,3.03,nonquota,0.5
RIB,FRE,GUH,1.4,nonquota,0.5
RIB,FRE,GUT,1.2,nonquota,0.5
RIB,FRE,JAP,1.56,nonquota,0.5
RIB,FRE,WHL,1,nonquota,0.5
RIB,FRO,FIL,3.35,nonquota,0.5
RIB,FRO,FIS,3.69,nonquota,0.5
RIB,FRO,FSB,2.75,nonquota,0.5
RIB,FRO,FSP,3.03,nonquota,0.5
RIB,FRO,GUH,1.4,nonquota,0.5
RIB,FRO,GUT,1.2,nonquota,0.5
RIB,FRO,JAP,1.56,nonquota,0.5
RIB,FRO,WHL,1,nonquota,0.5
RJA,FRE,GUH,1.5,quota,1
RJA,FRE,GUT,1.13,quota,1
RJA,FRE,OTH,0,quota,1
RJA,FRE,WHL,1,quota,1
RJA,FRO,GUT,1.13,quota,1
RJA,FRO,OTH,0,quota,1
RJA,FRO,WHL,1,quota,1
RJB,FRE,GUH,1.5,quota,1
RJB,FRE,GUT,1.13,quota,1
RJB,FRE,OTH,0,quota,1
RJB,FRE,WHL,1,quota,1
RJB,FRO,GUT,1.13,quota,1
RJB,FRO,OTH,0,quota,1
RJB,FRO,WHL,1,quota,1
RJC,FRE,GUH,1.5,quota,1
RJC,FRE,GUT,1.13,quota,1
RJC,FRE,OTH,0,quota,1
RJC,FRE,WHL,1,quota,1
RJC,FRO,GUT,1.13,quota,1
RJC,FRO,OTH,0,quota,1
RJC,FRO,WHL,1,quota,1
RJE,FRE,GUH,1.5,quota,1
RJE,FRE,GUT,1.13,quota,1
RJE,FRE,OTH,0,quota,1
RJE,FRE,WHL,1,quota,1
RJE,FRO,GUT,1.13,quota,1
RJE,FRO,OTH,0,quota,1
RJE,FRO,WHL,1,quota,1
RJF,FRE,GUH,1.5,quota,1
RJF,FRE,GUT,1.13,quota,1
RJF,FRE,OTH,0,quota,1
RJF,FRE,WHL,1,quota,1
RJF,FRO,GUT,1.13,quota,1
RJF,FRO,OTH,0,quota,1
RJF,FRO,WHL,1,quota,1
RJG,FRE,GUH,1.5,quota,1
RJG,FRE,GUT,1.15,quota,1
RJG,FRE,WHL,1,quota,1
RJG,FRO,WHL,1,quota,1
RJH,FRE,GUH,1.5,quota,1
RJH,FRE,GUT,1.13,quota,1
RJH,FRE,OTH,0,quota,1
RJH,FRE,WHL,1,quota,1
RJH,FRO,GUT,1.13,quota,1
RJH,FRO,OTH,0,quota,1
RJH,FRO,WHL,1,quota,1
RJI,FRE,GUH,1.5,quota,1
RJI,FRE,GUT,1.13,quota,1
RJI,FRE,OTH,0,quota,1
RJI,FRE,WHL,1,quota,1
RJI,FRO,GUT,1.13,quota,1
RJI,FRO,OTH,0,quota,1
RJI,FRO,WHL,1,quota,1
RJM,FRE,GUH,1.5,quota,1
RJM,FRE,GUT,1.13,quota,1
RJM,FRE,OTH,0,quota,1
RJM,FRE,WHL,1,quota,1
RJM,FRO,GUT,1.13,quota,1
RJM,FRO,OTH,0,quota,1
RJM,FRO,WHL,1,quota,1
RJN,FRE,GUH,1.5,quota,1
RJN,FRE,GUT,1.13,quota,1
RJN,FRE,OTH,0,quota,1
RJN,FRE,WHL,1,quota,1
RJN,FRO,GUT,1.13,quota,1
RJN,FRO,OTH,0,quota,1
RJN,FRO,WHL,1,quota,1
RJO,FRE,GUH,1.5,quota,1
RJO,FRE,GUT,1.13,quota,1
RJO,FRE,OTH,0,quota,1
RJO,FRE,WHL,1,quota,1
RJO,FRO,GUT,1.13,quota,1
RJO,FRO,OTH,0,quota,1
RJO,FRO,WHL,1,quota,1
RJR,FRE,GUH,1.5,quota,1
RJR,FRE,GUT,1.13,quota,1
RJR,FRE,OTH,0,quota,1
RJR,FRE,WHL,1,quota,1
RJR,FRO,GUT,1.13,quota,1
RJR,FRO,OTH,0,quota,1
RJR,FRO,WHL,1,quota,1
RJU,FRE,GUH,1.5,quota,1
RJU,FRE,GUT,1.13,quota,1
RJU,FRE,OTH,0,quota,1
RJU,FRE,WHL,1,quota,1
RJU,FRO,GUT,1.13,quota,1
RJU,FRO,OTH,0,quota,1
RJU,FRO,WHL,1,quota,1
RJY,FRE,GUH,1.5,quota,1
RJY,FRE,GUT,1.15,quota,1
RJY,FRE,WHL,1,quota,1
RJY,FRO,WHL,1,quota,1
RNG,FRE,FIL,2.7,quota,1
RNG,FRE,FIS,2.7,quota,1
RNG,FRE,GUH,1.4,quota,1
RNG,FRE,GUT,1.11,quota,1
RNG,FRE,WHL,1,quota,1
RNG,FRO,FIL,2.7,quota,1
RNG,FRO,FIS,2.7,quota,1
RNG,FRO,GHT,3.2,quota,1
RNG,FRO,GUH,1.92,quota,1
RNG,FRO,GUT,1.11,quota,1
RNG,FRO,WHL,1,quota,1
ROL,FRE,WHL,1,nonquota,0.5
ROL,FRO,WHL,1,nonquota,0.5
RSE,FRE,WHL,1,nonquota,0.5
RSE,FRO,WHL,1,nonquota,0.5
SAA,FRE,WHL,1,nonquota,1
SAA,FRO,WHL,1,nonquota,1
SAA,OTH,OTH,0,nonquota,1
SAE,FRE,WHL,1,nonquota,1
SAE,FRO,WHL,1,nonquota,1
SAE,OTH,OTH,0,nonquota,1
SAL,FRE,FIL,2.7,nonquota,1
SAL,FRE,FIS,2.7,nonquota,1
SAL,FRE,FSB,2.8,nonquota,1
SAL,FRE,FSP,2.8,nonquota,1
SAL,FRE,GUH,1.4,nonquota,1
SAL,FRE,GUT,1.13,nonquota,1
SAL,FRE,WHL,1,nonquota,1
SAL,FRO,FIL,2.7,nonquota,1
SAL,FRO,FIS,2.7,nonquota,1
SAL,FRO,FSB,2.8,nonquota,1
SAL,FRO,FSP,2.8,nonquota,1
SAL,FRO,GUH,1.4,nonquota,1
SAL,FRO,GUT,1.13,nonquota,1
SAL,FRO,WHL,1,nonquota,1
SAN,FRE,GUT,1.04,quota,0.8
SAN,FRE,WHL,1,quota,0.8
SAN,FRO,WHL,1,quota,0.8
SAO,FRE,GHT,1.6,nonquota,0.5
SAO,FRO,GHT,1.6,nonquota,0.5
SBA,FRE,WHL,1,nonquota,1
SBA,FRO,WHL,1,nonquota,1
SBG,FRE,WHL,1,nonquota,0.5
SBG,FRO,WHL,1,nonquota,0.5
SBL,FRE,FIN,0,nonquota,1
SBL,FRE,WHL,1,nonquota,1
SBL,FRO,WHL,1,nonquota,1
SBR,FRE,GUT,1.11,quota,1
SBR,FRE,WHL,1,quota,1
SBR,FRO,WHL,1,quota,1
SBX,FRE,FIL,2.7,nonquota,1
SBX,FRE,FIS,2.7,nonquota,1
SBX,FRE,GUT,1.13,nonquota,1
SBX,FRE,WHL,1,nonquota,1
SBX,FRO,FIL,2.7,nonquota,1
SBX,FRO,FIS,2.7,nonquota,1
SBX,FRO,GUT,1.13,nonquota,1
SBX,FRO,WHL,1,nonquota,1
SBZ,FRE,FIL,2.7,nonquota,0.5
SBZ,FRE,FIS,2.7,nonquota,0.5
SBZ,FRE,GUT,1.13,nonquota,0.5
SBZ,FRE,WHL,1,nonquota,0.5
SCK,FRE,FIN,0,nonquota,1
SCK,FRE,GUH,1.67,nonquota,1
SCK,FRE,GUS,2.7,nonquota,1
SCK,FRE,GUT,1.5,nonquota,1
SCK,FRE,OTH,0,nonquota,1
SCK,FRE,WHL,1,nonquota,1
SCK,FRO,GUH,1.67,nonquota,1
SCK,FRO,GUS,2.7,nonquota,1
SCK,FRO,GUT,1.5,nonquota,1
SCK,FRO,OTH,0,nonquota,1
SCK,FRO,WHL,1,nonquota,1
SCR,ALI,WHL,1,nonquota,0
SCR,FRE,CLA,4,nonquota,0
SCR,FRE,OTH,0,nonquota,0
SCR,FRE,WHL,1,nonquota,0
SCR,FRO,CLA,4,nonquota,0
SCR,FRO,OTH,0,nonquota,0
SCR,FRO,WHL,1,nonquota,0
SDS,FRE,GUT,1.37,nonquota,1
SDS,FRE,WHL,1,nonquota,1
SDS,FRO,GUT,1.37,nonquota,1
SDS,FRO,WHL,1,nonquota,1
SFA,FRE,FIL,2.77,nonquota,0.8
SFA,FRE,FIS,2.77,nonquota,0.8
SFA,FRE,FSB,2.77,nonquota,0.8
SFA,FRE,FSP,2.77,nonquota,0.8
SFA,FRE,GUH,1.69,nonquota,0.8
SFA,FRE,GUT,1.3,nonquota,0.8
SFA,FRE,HEA,1,nonquota,0.8
SFA,FRE,OTH,0,nonquota,0.8
SFA,FRE,WHL,1,nonquota,0.8
SFA,FRO,FIL,2.65,nonquota,0.8
SFA,FRO,FIS,2.65,nonquota,0.8
SFA,FRO,FSB,2.65,nonquota,0.8
SFA,FRO,FSP,2.65,nonquota,0.8
SFA,FRO,GUH,1.69,nonquota,0.8
SFA,FRO,GUT,1.3,nonquota,0.8
SFA,FRO,HEA,1.04,nonquota,0.8
SFA,FRO,OTH,0,nonquota,0.8
SFA,FRO,WHL,1,nonquota,0.8
SFS,FRE,WHL,1,nonquota,0.8
SFS,FRO,WHL,1,nonquota,0.8
SHD,FRE,WHL,1,nonquota,0.5
SHD,FRO,WHL,1,nonquota,0.5
SHO,FRE,GUH,1.67,nonquota,1
SHO,FRE,GUS,2.7,nonquota,1
SHO,FRE,GUT,1.5,nonquota,1
SHO,FRE,OTH,0,nonquota,1
SHO,FRE,WHL,1,nonquota,1
SHO,FRO,GUH,1.67,nonquota,1
SHO,FRO,GUS,2.7,nonquota,1
SHO,FRO,GUT,1.5,nonquota,1
SHO,FRO,OTH,0,nonquota,1
SHO,FRO,WHL,1,nonquota,1
SKA,FRE,GUH,1.5,nonquota,1
SKA,FRE,GUT,1.13,quota,1
SKA,FRE,OTH,0,quota,1
SKA,FRE,WHL,1,quota,1
SKA,FRO,GUH,1.5,nonquota,1
SKA,FRO,GUT,1.13,quota,1
SKA,FRO,OTH,0,quota,1
SKA,FRO,WHL,1,quota,1
SLI,FRE,FIL,2.8,nonquota,0.5
SLI,FRE,FIS,2.8,nonquota,0.5
SLI,FRE,GUH,1.32,nonquota,0.5
SLI,FRE,GUT,1.15,nonquota,0.5
SLI,FRE,WHL,1,nonquota,0.5
SLI,FRO,FIL,2.8,nonquota,0.5
SLI,FRO,FIS,2.8,nonquota,0.5
SLI,FRO,GUH,1.32,nonquota,0.5
SLI,FRO,GUT,1.15,nonquota,0.5
SLI,FRO,SGH,2.38,nonquota,0.5
SLI,FRO,WHL,1,nonquota,0.5
SLI,SAL,SGH,2.38,nonquota,0.5
SLO,ALI,WHL,1,nonquota,0.5
SLO,FRE,WHL,1,nonquota,0.5
SLO,FRO,WHL,1,nonquota,0.5
SMA,FRE,FIN,0,nonquota,0.5
SMA,FRE,GUH,1.3,nonquota,0.5
SMA,FRE,GUT,1.15,nonquota,0.5
SMA,FRE,WHL,1,nonquota,0.5
SMA,FRO,GUH,1.3,nonquota,0.5
SMA,FRO,GUT,1.15,nonquota,0.5
SMA,FRO,WHL,1,nonquota,0.5
SMD,FRE,GUT,1.37,nonquota,1
SMD,FRE,WHL,1,nonquota,1
SMD,FRO,GUT,1.37,nonquota,1
SMD,FRO,WHL,1,nonquota,1
SME,FRE,WHL,1,nonquota,0.5
SME,FRO,WHL,1,nonquota,0.5
SOL,FRE,FIL,2.5,quota,1
SOL,FRE,FIS,2.5,quota,1
SOL,FRE,FSB,2.4,quota,1
SOL,FRE,FSP,2.4,quota,1
SOL,FRE,GUH,1.2,quota,1
SOL,FRE,GUT,1.04,quota,1
SOL,FRE,HEA,1.5,quota,1
SOL,FRE,WHL,1,quota,1
SOL,FRO,FIL,2.5,quota,1
SOL,FRO,FIS,2.5,quota,1
SOL,FRO,FSB,2.4,quota,1
SOL,FRO,FSP,2.4,quota,1
SOL,FRO,GUH,1.2,quota,1
SOL,FRO,GUT,1.04,quota,1
SOL,FRO,WHL,1,quota,1
SOS,FRE,FIL,2.7,nonquota,0.5
SOS,FRE,FIS,2.7,nonquota,0.5
SOS,FRE,GUS,1.39,nonquota,0.5
SOS,FRE,GUT,1.13,nonquota,0.5
SOS,FRE,WHL,1,nonquota,0.5
SOS,FRO,FIL,2.7,nonquota,0.5
SOS,FRO,FIS,2.7,nonquota,0.5
SOS,FRO,GUT,1.13,nonquota,0.5
SOS,FRO,WHL,1,nonquota,0.5
SOX,FRE,FIL,2.5,nonquota,0.5
SOX,FRE,FIS,2.5,nonquota,0.5
SOX,FRE,FSB,2.4,nonquota,0.5
SOX,FRE,FSP,2.4,nonquota,0.5
SOX,FRE,GUH,1.2,nonquota,0.5
SOX,FRE,GUT,1.05,nonquota,0.5
SOX,FRE,HEA,1.5,nonquota,0.5
SOX,FRE,WHL,1,nonquota,0.5
SOX,FRO,FIL,2.5,nonquota,0.5
SOX,FRO,FIS,2.5,nonquota,0.5
SOX,FRO,FSB,2.4,nonquota,0.5
SOX,FRO,FSP,2.4,nonquota,0.5
SOX,FRO,GUH,1.2,nonquota,0.5
SOX,FRO,GUT,1.05,nonquota,0.5
SOX,FRO,WHL,1,nonquota,0.5
SPN,FRE,FIN,0,nonquota,1
SPN,FRE,WHL,1,nonquota,1
SPN,FRO,WHL,1,nonquota,1
SPR,FRE,GUH,1,quota,0.8
SPR,FRE,GUT,1,quota,0.8
SPR,FRE,HEA,1.44,quota,0.8
SPR,FRE,WHL,1,quota,0.8
SPR,FRO,GUH,1,quota,0.8
SPR,FRO,GUT,1,quota,0.8
SPR,FRO,WHL,1,quota,0.8
SPR,OTH,OTH,0,quota,0.8
SQA,FRE,WHL,1,nonquota,0.5
SQA,FRO,OTH,0,nonquota,0.5
SQA,FRO,TUB,2,nonquota,0.5
SQA,FRO,WHL,1,nonquota,0.5
SQC,FRE,WHL,1,nonquota,1
SQC,FRO,OTH,0,nonquota,1
SQC,FRO,TUB,2,nonquota,1
SQC,FRO,WHL,1,nonquota,1
SQE,FRE,WHL,1,nonquota,1
SQE,FRO,OTH,0,nonquota,1
SQE,FRO,TUB,2,nonquota,1
SQE,FRO,WHL,1,nonquota,1
SQI,FRE,WHL,1,nonquota,1
SQI,FRO,OTH,0,nonquota,1
SQI,FRO,TUB,2,nonquota,1
SQI,FRO,WHL,1,nonquota,1
SQP,FRE,WHL,1,nonquota,1
SQP,FRO,OTH,0,nonquota,1
SQP,FRO,TUB,2,nonquota,1
SQP,FRO,WHL,1,nonquota,1
SQR,FRE,WHL,1,nonquota,1
SQR,FRO,OTH,0,nonquota,1
SQR,FRO,TUB,2,nonquota,1
SQR,FRO,WHL,1,nonquota,1
SQS,FRE,WHL,1,nonquota,1
SQS,FRO,OTH,0,nonquota,1
SQS,FRO,TUB,2,nonquota,1
SQS,FRO,WHL,1,nonquota,1
SQU,FRE,WHL,1,nonquota,1
SQU,FRO,WHL,1,nonquota,1
SQZ,FRE,WHL,1,nonquota,1
SQZ,FRO,OTH,0,nonquota,1
SQZ,FRO,TUB,2,nonquota,1
SQZ,FRO,WHL,1,nonquota,1
STU,FRE,FIL,2.7,nonquota,1
STU,FRE,FIS,2.7,nonquota,1
STU,FRE,GUT,1.13,nonquota,1
STU,FRE,WHL,1,nonquota,1
STU,FRO,FIL,2.7,nonquota,1
STU,FRO,FIS,2.7,nonquota,1
STU,FRO,GUT,1.13,nonquota,1
STU,FRO,WHL,1,nonquota,1
SWO,FRE,FIL,2.6,quota,1
SWO,FRE,FIS,2.6,quota,1
SWO,FRE,FSB,2.6,quota,1
SWO,FRE,FSP,2.6,quota,1
SWO,FRE,GHT,1.33,quota,1
SWO,FRE,GUH,1.31,quota,1
SWO,FRE,GUT,1.11,quota,1
SWO,FRE,WHL,1,quota,1
SWO,FRO,FIL,2.6,quota,1
SWO,FRO,FIS,2.6,quota,1
SWO,FRO,FSB,2.6,quota,1
SWO,FRO,FSP,2.6,quota,1
SWO,FRO,GUH,1.31,quota,1
SWO,FRO,GUT,1.12,quota,1
SWO,FRO,WHL,1,quota,1
SYC,FRE,FIL,2.7,nonquota,1
SYC,FRE,FIS,2.7,nonquota,1
SYC,FRE,GUS,2.52,nonquota,1
SYC,FRE,GUT,1.37,nonquota,1
SYC,FRE,WHL,1,nonquota,1
SYC,FRO,FIL,2.7,nonquota,1
SYC,FRO,FIS,2.7,nonquota,1
SYC,FRO,GUH,1.25,nonquota,1
SYC,FRO,GUS,2.52,nonquota,1
SYC,FRO,GUT,1.37,nonquota,1
SYC,FRO,WHL,1,nonquota,1
SYR,FRE,WHL,1,nonquota,1
SYR,FRO,WHL,1,nonquota,1
SYT,FRE,GUS,2.52,nonquota,0.5
SYT,FRE,GUT,1.37,nonquota,0.5
SYT,FRE,WHL,1,nonquota,0.5
SYT,FRO,GUS,2.52,nonquota,0.5
SYT,FRO,GUT,1.37,nonquota,0.5
SYT,FRO,WHL,1,nonquota,0.5
SYX,FRE,GUT,1.37,nonquota,1
SYX,FRE,WHL,1,nonquota,1
SYX,FRO,GUH,1.25,nonquota,1
SYX,FRO,GUT,1.37,nonquota,1
SYX,FRO,WHL,1,nonquota,1
TBR,ALI,WHL,1,nonquota,0.5
TBR,FRE,WHL,1,nonquota,0.5
TDQ,FRE,WHL,1,nonquota,0.5
TDQ,FRO,OTH,0,nonquota,0.5
TDQ,FRO,TUB,2,nonquota,0.5
TDQ,FRO,WHL,1,nonquota,0.5
TGS,FRE,WHL,1,nonquota,0.5
TGS,FRO,WHL,1,nonquota,0.5
THR,FRE,FIN,0,nonquota,1
THR,FRE,GUT,1,nonquota,1
THR,FRE,WHL,1,nonquota,1
TJX,FRE,WHL,1,nonquota,0.5
TJX,FRO,WHL,1,nonquota,0.5
TOP,FRE,FIS,2.8,nonquota,1
TOP,FRE,GUT,1.13,nonquota,1
TOP,FRE,JAP,1.62,nonquota,1
TOP,FRE,WHL,1,nonquota,1
TOP,FRO,FIS,2.8,nonquota,1
TOP,FRO,GUH,1.7,nonquota,1
TOP,FRO,GUT,1.13,nonquota,1
TOP,FRO,JAP,1.62,nonquota,1
TOP,FRO,WHL,1,nonquota,1
TRA,FRE,FIL,2.7,nonquota,0.5
TRA,FRE,FIS,2.7,nonquota,0.5
TRA,FRE,GUT,1.13,nonquota,0.5
TRA,FRE,WHL,1,nonquota,0.5
TRA,FRO,FIL,2.7,nonquota,0.5
TRA,FRO,FIS,2.7,nonquota,0.5
TRA,FRO,GUT,1.13,nonquota,0.5
TRA,FRO,WHL,1,nonquota,0.5
TRI,FRE,WHL,1,nonquota,0.5
TRI,FRO,WHL,1,nonquota,0.5
TRS,FRE,FIL,2.7,nonquota,0.5
TRS,FRE,FIS,2.7,nonquota,0.5
TRS,FRE,FSB,2.8,nonquota,0.5
TRS,FRE,FSP,2.8,nonquota,0.5
TRS,FRE,GUH,1.4,nonquota,0.5
TRS,FRE,GUT,1.13,nonquota,0.5
TRS,FRE,WHL,1,nonquota,0.5
TRS,FRO,FIL,2.7,nonquota,0.5
TRS,FRO,FIS,2.7,nonquota,0.5
TRS,FRO,FSB,2.8,nonquota,0.5
TRS,FRO,FSP,2.8,nonquota,0.5
TRS,FRO,GUH,1.4,nonquota,0.5
TRS,FRO,GUT,1.13,nonquota,0.5
TRS,FRO,WHL,1,nonquota,0.5
TTO,FRE,GUH,1.5,quota,1
TTO,FRE,GUT,1.13,quota,1
TTO,FRE,OTH,0,quota,1
TTO,FRE,WHL,1,quota,1
TTO,FRO,GUT,1.13,quota,1
TTO,FRO,OTH,0,quota,1
TTO,FRO,WHL,1,quota,1
TTR,FRE,GUH,1.5,quota,1
TTR,FRE,GUT,1.13,quota,1
TTR,FRE,OTH,0,quota,1
TTR,FRE,WHL,1,quota,1
TTR,FRO,GUT,1.13,quota,1
TTR,FRO,OTH,0,quota,1
TTR,FRO,WHL,1,quota,1
TUR,FRE,FIL,2.7,quota,0.8
TUR,FRE,FIS,2.7,quota,0.8
TUR,FRE,FSB,2.4,quota,0.8
TUR,FRE,FSP,2.4,quota,0.8
TUR,FRE,GUH,1.2,quota,0.8
TUR,FRE,GUT,1.09,quota,0.8
TUR,FRE,WHL,1,quota,0.8
TUR,FRO,FIL,2.7,quota,0.8
TUR,FRO,FIS,2.7,quota,0.8
TUR,FRO,FSB,2.4,quota,0.8
TUR,FRO,FSP,2.4,quota,0.8
TUR,FRO,GUH,1.2,quota,0.8
TUR,FRO,GUT,1.09,quota,0.8
TUR,FRO,WHL,1,quota,0.8
URC,FRE,WHL,1,nonquota,0.5
URC,FRO,WHL,1,nonquota,0.5
USB,FRE,FIL,2.7,nonquota,0.5
USB,FRE,FIS,2.7,nonquota,0.5
USB,FRE,GUT,1.13,nonquota,0.5
USB,FRE,WHL,1,nonquota,0.5
USB,FRO,FIL,2.7,nonquota,0.5
USB,FRO,FIS,2.7,nonquota,0.5
USB,FRO,GUT,1.13,nonquota,0.5
USB,FRO,WHL,1,nonquota,0.5
USK,FRE,FIL,2.7,quota,0.8
USK,FRE,FIS,2.7,quota,0.8
USK,FRE,FSB,2.55,quota,0.8
USK,FRE,FSP,2.55,quota,0.8
USK,FRE,GUH,1.4,quota,0.8
USK,FRE,GUT,1.14,quota,0.8
USK,FRE,WHL,1,quota,0.8
USK,FRO,FIL,2.7,quota,0.8
USK,FRO,FIS,2.7,quota,0.8
USK,FRO,FSB,2.55,quota,0.8
USK,FRO,FSP,2.55,quota,0.8
USK,FRO,GUH,1.4,quota,0.8
USK,FRO,GUT,1.14,quota,0.8
USK,FRO,WHL,1,quota,0.8
USK,SAL,SGT,2.38,quota,0.8
WAH,FRE,FIL,2.77,nonquota,1
WAH,FRE,FIS,2.77,nonquota,1
WAH,FRE,FSB,2.77,nonquota,1
WAH,FRE,FSP,2.77,nonquota,1
WAH,FRE,GUH,1.3,nonquota,1
WAH,FRE,GUL,1,nonquota,1
WAH,FRE,GUT,1.3,nonquota,1
WAH,FRE,HEA,1,nonquota,1
WAH,FRE,OTH,0,nonquota,1
WAH,FRE,WHL,1,nonquota,1
WAH,FRO,FIL,2.65,nonquota,1
WAH,FRO,FIS,2.65,nonquota,1
WAH,FRO,FSB,2.65,nonquota,1
WAH,FRO,FSP,2.65,nonquota,1
WAH,FRO,GUH,1.3,nonquota,1
WAH,FRO,GUL,1.04,nonquota,1
WAH,FRO,GUT,1.3,nonquota,1
WAH,FRO,HEA,1.04,nonquota,1
WAH,FRO,OTH,0,nonquota,1
WAH,FRO,WHL,1,nonquota,1
WEG,FRE,FIL,2.7,nonquota,0.5
WEG,FRE,FIS,2.7,nonquota,0.5
WEG,FRE,GUT,1.13,nonquota,0.5
WEG,FRE,WHL,1,nonquota,0.5
WEG,FRO,FIL,2.7,nonquota,0.5
WEG,FRO,FIS,2.7,nonquota,0.5
WEG,FRO,GUT,1.13,nonquota,0.5
WEG,FRO,WHL,1,nonquota,0.5
WHB,FRE,FIL,2.76,quota,0.8
WHB,FRE,FIS,2.65,quota,0.8
WHB,FRE,FSB,2.8,quota,0.8
WHB,FRE,FSP,2.8,quota,0.8
WHB,FRE,GUH,1.4,quota,0.8
WHB,FRE,GUT,1.2,quota,0.8
WHB,FRE,WHL,1,quota,0.8
WHB,FRO,FIL,2.76,quota,0.8
WHB,FRO,FIS,2.65,quota,0.8
WHB,FRO,FSB,2.8,quota,0.8
WHB,FRO,FSP,2.8,quota,0.8
WHB,FRO,GUH,1.4,quota,0.8
WHB,FRO,GUT,1.2,quota,0.8
WHB,FRO,WHL,1,quota,0.8
WHE,ALI,WHL,1,nonquota,0
WHE,BOI,OTH,0,nonquota,0
WHE,BOI,WHL,5,nonquota,0
WHE,FRE,OTH,0,nonquota,0
WHE,FRE,WHL,1,nonquota,0
WHE,FRO,OTH,0,nonquota,0
WHE,FRO,WHL,1,nonquota,0
WHG,FRE,FIL,2.7,quota,1
WHG,FRE,FIS,2.7,quota,1
WHG,FRE,FSB,2.8,quota,1
WHG,FRE,FSP,2.8,quota,1
WHG,FRE,GUH,1.41,quota,1
WHG,FRE,GUT,1.18,quota,1
WHG,FRE,HEA,1.4,quota,1
WHG,FRE,WHL,1,quota,1
WHG,FRO,FIL,2.7,quota,1
WHG,FRO,FIS,2.7,quota,1
WHG,FRO,FSB,2.8,quota,1
WHG,FRO,FSP,2.8,quota,1
WHG,FRO,GUH,1.41,quota,1
WHG,FRO,GUT,1.18,quota,1
WHG,FRO,WHL,1,quota,1
WIT,FRE,FIL,2.7,quota,0.8
WIT,FRE,FIS,2.7,quota,0.8
WIT,FRE,FSB,2.4,quota,0.8
WIT,FRE,FSP,2.4,quota,0.8
WIT,FRE,GUH,1.2,quota,0.8
WIT,FRE,GUT,1.06,quota,0.8
WIT,FRE,WHL,1,quota,0.8
WIT,FRO,FIL,2.7,quota,0.8
WIT,FRO,FIS,2.7,quota,0.8
WIT,FRO,FSB,2.4,quota,0.8
WIT,FRO,FSP,2.4,quota,0.8
WIT,FRO,GUH,1.2,quota,0.8
WIT,FRO,GUT,1.06,quota,0.8
WIT,FRO,WHL,1,quota,0.8
WRA,FRE,FIL,2.7,nonquota,0.5
WRA,FRE,FIS,2.7,nonquota,0.5
WRA,FRE,GUT,1.13,nonquota,0.5
WRA,FRE,WHL,1,nonquota,0.5
WRA,FRO,FIL,2.7,nonquota,0.5
WRA,FRO,FIS,2.7,nonquota,0.5
WRA,FRO,GUT,1.13,nonquota,0.5
WRA,FRO,WHL,1,nonquota,0.5
WRF,FRE,WHL,1,nonquota,0.8
WRF,FRO,WHL,1,nonquota,0.8
YEL,FRE,FIL,2.7,nonquota,0.8
YEL,FRE,FIS,2.7,nonquota,0.8
YEL,FRE,GUT,1.05,nonquota,0.8
YEL,FRE,WHL,1,nonquota,0.8
YEL,FRO,FIL,2.7,nonquota,0.8
YEL,FRO,FIS,2.7,nonquota,0.8
YEL,FRO,WHL,1,nonquota,0.8
YFM,ALI,WHL,1,nonquota,0.5
YFM,FRE,WHL,1,nonquota,0.5
YFT,FRO,GUH,1.25,nonquota,1
YFT,OTH,FIL,0,nonquota,1
YFT,OTH,OTH,0,nonquota,1
YTC,FRE,FIL,2.77,nonquota,0.5
YTC,FRE,FIS,2.77,nonquota,0.5
YTC,FRE,FSB,2.77,nonquota,0.5
YTC,FRE,FSP,2.77,nonquota,0.5
YTC,FRE,GUH,1.6,nonquota,0.5
YTC,FRE,GUT,1.3,nonquota,0.5
YTC,FRE,HEA,1,nonquota,0.5
YTC,FRE,OTH,0,nonquota,0.5
YTC,FRE,WHL,1,nonquota,0.5
YTC,FRO,FIL,2.65,nonquota,0.5
YTC,FRO,FIS,2.65,nonquota,0.5
YTC,FRO,FSB,2.65,nonquota,0.5
YTC,FRO,FSP,2.65,nonquota,0.5
YTC,FRO,GUH,1.6,nonquota,0.5
YTC,FRO,GUT,1.3,nonquota,0.5
YTC,FRO,HEA,1.04,nonquota,0.5
YTC,FRO,OTH,0,nonquota,0.5
YTC,FRO,WHL,1,nonquota,0.5
ZGP,FRE,GUT,1.05,nonquota,0.5
LIO,BOI,WHL,1,nonquota,0
MEG,FRE,FIL,2.5,quota,1
MEG,FRE,FIS,2.5,quota,1
GUX,FRE,GUT,1.04,nonquota,0.5
GUX,FRE,WHL,1,nonquota,0.5
GUX,FRO,GUT,1.04,nonquota,0.5
GUX,FRO,WHL,1,nonquota,0.5
MAC,SMO,FIL,2.6,quota,0.8
MAC,SMO,FIS,2.6,quota,0.8
MAC,OTH,FIS,0,quota,0.8
HER,SMO,FSB,2.1,quota,0.8
LBE,FRO,OTH,0,nonquota,0
LBE,FRE,OTH,0,nonquota,0
LBE,BOI,OTH,0,nonquota,0
CRW,FRO,OTH,0,nonquota,0
CRW,FRE,OTH,0,nonquota,0
CRW,BOI,OTH,0,nonquota,0
NEP,FRE,OTH,0,quota,1
NEP,FRO,OTH,0,quota,1
HAD,FRE,GHT,1.6,quota,1
HAD,FRO,GHT,1.6,quota,1
HKE,FRE,GHT,1.76,quota,1
HKE,FRO,GHT,1.76,quota,1
LIN,FRE,GHT,1.81,quota,0.8
LIN,FRO,GHT,1.81,quota,0.8
LEZ,FRE,GUH,1.5,quota,1
LEZ,FRO,GUH,1.5,quota,1
MEG,FRE,GUH,1.5,quota,1
MEG,FRO,GUH,1.5,quota,1
HOM,FRE,FIL,1.92,quota,1
HOM,FRE,GUH,1.55,quota,1
HOM,FRE,GUT,1.1,quota,1
HOM,FRE,WHL,1,quota,1
HOM,FRO,FIL,1.92,quota,1
HOM,FRO,GUH,1.55,quota,1
HOM,FRO,GUT,1.1,quota,1
HOM,FRO,WHL,1,quota,1
AES,FRE,WHL,1,nonquota,0.5
AES,FRO,WHL,1,nonquota,0.5
HER,FRE,OTH,0,quota,0.8
HER,FRO,OTH,0,quota,0.8
GUR,FRE,FIL,2.65,nonquota,0.5
GUR,FRO,FIL,2.65,nonquota,0.5
JDV,ALI,WHL,1,nonquota,0
JDV,FRE,CLA,4,nonquota,0
JDV,FRE,OTH,0,nonquota,0
JDV,FRE,WHL,1,nonquota,0
JDV,FRO,CLA,4,nonquota,0
JDV,FRO,OTH,0,nonquota,0
JDV,FRO,WHL,1,nonquota,0
JAD,FRE,WNG,2.09,quota,1
JAD,FRO,WNG,2.09,quota,1
JDP,FRE,WNG,2.7,quota,1
JDP,FRO,WNG,2.7,quota,1
RJB,FRE,WNG,2.09,quota,1
RJB,FRO,WNG,2.09,quota,1
RJC,FRE,WNG,2.09,quota,1
RJC,FRO,WNG,2.09,quota,1
RJE,FRE,WNG,2.09,quota,1
RJE,FRO,WNG,2.09,quota,1
RJF,FRE,WNG,2.09,quota,1
RJF,FRO,WNG,2.09,quota,1
RJH,FRE,WNG,2.09,quota,1
RJH,FRO,WNG,2.09,quota,1
RJI,FRE,WNG,2.09,quota,1
RJI,FRO,WNG,2.09,quota,1
RJM,FRE,WNG,2.09,quota,1
RJM,FRO,WNG,2.09,quota,1
RJN,FRE,WNG,2.09,quota,1
RJN,FRO,WNG,2.09,quota,1
RJO,FRE,WNG,2.09,quota,1
RJO,FRO,WNG,2.09,quota,1
RJR,FRE,WNG,2.09,quota,1
RJR,FRO,WNG,2.09,quota,1
RJU,FRE,WNG,2.09,quota,1
RJU,FRO,WNG,2.09,quota,1
SKA,FRE,WNG,2.09,quota,1
SKA,FRO,WNG,2.09,quota,1
TTO,FRE,WNG,2.55,quota,1
TTO,FRO,WNG,2.55,quota,1
TTR,FRE,WNG,2.09,quota,1
TTR,FRO,WNG,2.09,quota,1
LXX,FRE,WHL,1,quota,0.5
LXX,FRO,WHL,1,quota,0.5
